"../../../Engine/Plugins/Animation/ACLPlugin/Content/ACLAnimCurveCompressionSettings.uasset" 0
"../../../Engine/Plugins/Animation/ACLPlugin/Content/ACLAnimCurveCompressionSettings.uexp" 1
"../../../Engine/Plugins/Animation/ACLPlugin/Content/ACLAnimBoneCompressionSettings.uasset" 2
"../../../Engine/Plugins/Animation/ACLPlugin/Content/ACLAnimBoneCompressionSettings.uexp" 3
"../../../Engine/Plugins/2D/Paper2D/Content/PlaceholderTextures/DummySpriteTexture.ubulk" 4
"../../../Engine/Plugins/2D/Paper2D/Content/PlaceholderTextures/DummySpriteTexture.uasset" 5
"../../../Engine/Plugins/2D/Paper2D/Content/PlaceholderTextures/DummySpriteTexture.uexp" 6
"../../../Engine/Plugins/2D/Paper2D/Content/DummySprite.uasset" 7
"../../../Engine/Plugins/2D/Paper2D/Content/DummySprite.uexp" 8
"../../../Engine/Plugins/2D/Paper2D/Content/DefaultPaperTerrainMaterial.uasset" 9
"../../../Engine/Plugins/2D/Paper2D/Content/DefaultPaperTerrainMaterial.uexp" 10
"../../../Engine/Content/EngineMaterials/DefaultPhysicalMaterial.uasset" 11
"../../../Engine/Content/EngineMaterials/DefaultPhysicalMaterial.uexp" 12
"../../../Engine/Content/EngineMaterials/DefaultDestructiblePhysicalMaterial.uasset" 13
"../../../Engine/Content/EngineMaterials/DefaultDestructiblePhysicalMaterial.uexp" 14
"../../../Engine/Content/EngineFonts/Faces/RobotoLight.uexp" 15
"../../../Engine/Content/EngineFonts/Faces/RobotoLight.uasset" 16
"../../../Engine/Content/EngineFonts/Faces/RobotoLight.ufont" 17
"../../../Engine/Content/EngineFonts/Faces/RobotoBold.uexp" 18
"../../../Engine/Content/EngineFonts/Faces/RobotoBold.uasset" 19
"../../../Engine/Content/EngineFonts/Faces/RobotoBold.ufont" 20
"../../../Engine/Content/EngineFonts/Faces/RobotoRegular.uexp" 21
"../../../Engine/Content/EngineFonts/Faces/RobotoRegular.uasset" 22
"../../../Engine/Content/EngineFonts/Faces/RobotoRegular.ufont" 23
"../../../Engine/Content/EngineFonts/Faces/DroidSansFallback.uexp" 24
"../../../Engine/Content/EngineFonts/Faces/DroidSansFallback.uasset" 25
"../../../Engine/Content/EngineFonts/Faces/DroidSansFallback.ufont" 26
"../../../Engine/Content/EngineFonts/Faces/RobotoItalic.uexp" 27
"../../../Engine/Content/EngineFonts/Faces/RobotoItalic.uasset" 28
"../../../Engine/Content/EngineFonts/Faces/RobotoItalic.ufont" 29
"../../../Engine/Content/EngineFonts/Faces/RobotoBoldItalic.uexp" 30
"../../../Engine/Content/EngineFonts/Faces/RobotoBoldItalic.uasset" 31
"../../../Engine/Content/EngineFonts/Faces/RobotoBoldItalic.ufont" 32
"../../../Engine/Content/EngineFonts/Roboto.uasset" 33
"../../../Engine/Content/EngineFonts/Roboto.uexp" 34
"../../../Engine/Plugins/Interchange/Runtime/Content/Pipelines/DefaultTexturePipeline.uasset" 35
"../../../Engine/Plugins/Interchange/Runtime/Content/Pipelines/DefaultTexturePipeline.uexp" 36
"../../../Engine/Plugins/Interchange/Runtime/Content/Pipelines/DefaultSceneLevelPipeline.uasset" 37
"../../../Engine/Plugins/Interchange/Runtime/Content/Pipelines/DefaultSceneLevelPipeline.uexp" 38
"../../../Engine/Plugins/Interchange/Runtime/Content/Pipelines/DefaultSceneAssetsPipeline.uasset" 39
"../../../Engine/Plugins/Interchange/Runtime/Content/Pipelines/DefaultSceneAssetsPipeline.uexp" 40
"../../../Engine/Plugins/Interchange/Runtime/Content/Pipelines/DefaultMaterialXPipeline.uasset" 41
"../../../Engine/Plugins/Interchange/Runtime/Content/Pipelines/DefaultMaterialXPipeline.uexp" 42
"../../../Engine/Plugins/Interchange/Runtime/Content/Pipelines/DefaultMaterialPipeline.uasset" 43
"../../../Engine/Plugins/Interchange/Runtime/Content/Pipelines/DefaultMaterialPipeline.uexp" 44
"../../../Engine/Plugins/Interchange/Runtime/Content/Pipelines/DefaultGLTFSceneAssetsPipeline.uasset" 45
"../../../Engine/Plugins/Interchange/Runtime/Content/Pipelines/DefaultGLTFSceneAssetsPipeline.uexp" 46
"../../../Engine/Plugins/Interchange/Runtime/Content/Pipelines/DefaultGLTFPipeline.uasset" 47
"../../../Engine/Plugins/Interchange/Runtime/Content/Pipelines/DefaultGLTFPipeline.uexp" 48
"../../../Engine/Plugins/Interchange/Runtime/Content/Pipelines/DefaultGLTFAssetsPipeline.uasset" 49
"../../../Engine/Plugins/Interchange/Runtime/Content/Pipelines/DefaultGLTFAssetsPipeline.uexp" 50
"../../../Engine/Plugins/Interchange/Runtime/Content/Pipelines/DefaultAssetsPipeline.uasset" 51
"../../../Engine/Plugins/Interchange/Runtime/Content/Pipelines/DefaultAssetsPipeline.uexp" 52
"../../../Engine/Plugins/Animation/ControlRig/Content/Controls/DefaultGizmoLibraryNormalized.uasset" 53
"../../../Engine/Plugins/Animation/ControlRig/Content/Controls/DefaultGizmoLibraryNormalized.uexp" 54
"../../../Engine/Content/EngineSounds/Master.uasset" 55
"../../../Engine/Content/EngineSounds/Master.uexp" 56
"../../../Engine/Content/MobileResources/HUD/VirtualJoystick_Background.uasset" 57
"../../../Engine/Content/MobileResources/HUD/VirtualJoystick_Background.uexp" 58
"../../../Engine/Content/MobileResources/HUD/VirtualJoystick_Thumb.uasset" 59
"../../../Engine/Content/MobileResources/HUD/VirtualJoystick_Thumb.uexp" 60
"../../../Engine/Content/MobileResources/HUD/DefaultVirtualJoysticks.uasset" 61
"../../../Engine/Content/MobileResources/HUD/DefaultVirtualJoysticks.uexp" 62
"../../../Engine/Content/EditorResources/S_Actor.ubulk" 63
"../../../Engine/Content/EditorResources/S_Actor.uasset" 64
"../../../Engine/Content/EditorResources/S_Actor.uexp" 65
"../../../Engine/Content/EngineMaterials/T_Default_Material_Grid_M.ubulk" 66
"../../../Engine/Content/EngineMaterials/T_Default_Material_Grid_M.uasset" 67
"../../../Engine/Content/EngineMaterials/T_Default_Material_Grid_M.uexp" 68
"../../../Engine/Content/EngineMaterials/T_Default_Material_Grid_N.ubulk" 69
"../../../Engine/Content/EngineMaterials/T_Default_Material_Grid_N.uasset" 70
"../../../Engine/Content/EngineMaterials/T_Default_Material_Grid_N.uexp" 71
"../../../Engine/Content/Functions/Engine_MaterialFunctions01/Opacity/CameraDepthFade.uasset" 72
"../../../Engine/Content/Functions/Engine_MaterialFunctions01/Opacity/CameraDepthFade.uexp" 73
"../../../Engine/Content/EngineMaterials/WorldGridMaterial.uasset" 74
"../../../Engine/Content/EngineMaterials/WorldGridMaterial.uexp" 75
"../../../Engine/Content/BasicShapes/Cube.ubulk" 76
"../../../Engine/Content/BasicShapes/Cube.uasset" 77
"../../../Engine/Content/BasicShapes/Cube.uexp" 78
"../../../Engine/Content/BasicShapes/BasicShapeMaterial.uasset" 79
"../../../Engine/Content/BasicShapes/BasicShapeMaterial.uexp" 80
"C:/Users/kk459/Desktop/Unreal Projects/cpsc-491-kevin-running-doubledash-game/Senior_Project491/Content/Wall.uasset" 81
"C:/Users/kk459/Desktop/Unreal Projects/cpsc-491-kevin-running-doubledash-game/Senior_Project491/Content/Wall.uexp" 82
"C:/Users/kk459/Desktop/Unreal Projects/cpsc-491-kevin-running-doubledash-game/Senior_Project491/Content/Invisibility-Ghost-Logo.uasset" 83
"C:/Users/kk459/Desktop/Unreal Projects/cpsc-491-kevin-running-doubledash-game/Senior_Project491/Content/Invisibility-Ghost-Logo.uexp" 84
"../../../Engine/Content/BasicShapes/Plane.ubulk" 85
"../../../Engine/Content/BasicShapes/Plane.uasset" 86
"../../../Engine/Content/BasicShapes/Plane.uexp" 87
"C:/Users/kk459/Desktop/Unreal Projects/cpsc-491-kevin-running-doubledash-game/Senior_Project491/Content/BP_TrackSpline.uasset" 88
"C:/Users/kk459/Desktop/Unreal Projects/cpsc-491-kevin-running-doubledash-game/Senior_Project491/Content/BP_TrackSpline.uexp" 89
"C:/Users/kk459/Desktop/Unreal Projects/cpsc-491-kevin-running-doubledash-game/Senior_Project491/Content/MyFunctionLibrary.uasset" 90
"C:/Users/kk459/Desktop/Unreal Projects/cpsc-491-kevin-running-doubledash-game/Senior_Project491/Content/MyFunctionLibrary.uexp" 91
"C:/Users/kk459/Desktop/Unreal Projects/cpsc-491-kevin-running-doubledash-game/Senior_Project491/Content/UseItem.uasset" 92
"C:/Users/kk459/Desktop/Unreal Projects/cpsc-491-kevin-running-doubledash-game/Senior_Project491/Content/UseItem.uexp" 93
"C:/Users/kk459/Desktop/Unreal Projects/cpsc-491-kevin-running-doubledash-game/Senior_Project491/Content/Characters/Mannequins/Meshes/SK_Mannequin.uasset" 94
"C:/Users/kk459/Desktop/Unreal Projects/cpsc-491-kevin-running-doubledash-game/Senior_Project491/Content/Characters/Mannequins/Meshes/SK_Mannequin.uexp" 95
"C:/Users/kk459/Desktop/Unreal Projects/cpsc-491-kevin-running-doubledash-game/Senior_Project491/Content/Characters/Mannequins/Textures/Quinn/T_Quinn_02ID_MSR_MSK.ubulk" 96
"C:/Users/kk459/Desktop/Unreal Projects/cpsc-491-kevin-running-doubledash-game/Senior_Project491/Content/Characters/Mannequins/Textures/Quinn/T_Quinn_02ID_MSR_MSK.uasset" 97
"C:/Users/kk459/Desktop/Unreal Projects/cpsc-491-kevin-running-doubledash-game/Senior_Project491/Content/Characters/Mannequins/Textures/Quinn/T_Quinn_02ID_MSR_MSK.uexp" 98
"C:/Users/kk459/Desktop/Unreal Projects/cpsc-491-kevin-running-doubledash-game/Senior_Project491/Content/Characters/Mannequins/Textures/Quinn/T_Quinn_02ID_BN.ubulk" 99
"C:/Users/kk459/Desktop/Unreal Projects/cpsc-491-kevin-running-doubledash-game/Senior_Project491/Content/Characters/Mannequins/Textures/Quinn/T_Quinn_02ID_BN.uasset" 100
"C:/Users/kk459/Desktop/Unreal Projects/cpsc-491-kevin-running-doubledash-game/Senior_Project491/Content/Characters/Mannequins/Textures/Quinn/T_Quinn_02ID_BN.uexp" 101
"C:/Users/kk459/Desktop/Unreal Projects/cpsc-491-kevin-running-doubledash-game/Senior_Project491/Content/Characters/Mannequins/Textures/Quinn/T_Quinn_02_ASAOMASK_MSK.ubulk" 102
"C:/Users/kk459/Desktop/Unreal Projects/cpsc-491-kevin-running-doubledash-game/Senior_Project491/Content/Characters/Mannequins/Textures/Quinn/T_Quinn_02_ASAOMASK_MSK.uasset" 103
"C:/Users/kk459/Desktop/Unreal Projects/cpsc-491-kevin-running-doubledash-game/Senior_Project491/Content/Characters/Mannequins/Textures/Quinn/T_Quinn_02_ASAOMASK_MSK.uexp" 104
"C:/Users/kk459/Desktop/Unreal Projects/cpsc-491-kevin-running-doubledash-game/Senior_Project491/Content/Characters/Mannequins/Textures/Quinn/T_Quinn_02_CCRCCPlastic_MSK.ubulk" 105
"C:/Users/kk459/Desktop/Unreal Projects/cpsc-491-kevin-running-doubledash-game/Senior_Project491/Content/Characters/Mannequins/Textures/Quinn/T_Quinn_02_CCRCCPlastic_MSK.uasset" 106
"C:/Users/kk459/Desktop/Unreal Projects/cpsc-491-kevin-running-doubledash-game/Senior_Project491/Content/Characters/Mannequins/Textures/Quinn/T_Quinn_02_CCRCCPlastic_MSK.uexp" 107
"C:/Users/kk459/Desktop/Unreal Projects/cpsc-491-kevin-running-doubledash-game/Senior_Project491/Content/Characters/Mannequins/Textures/Quinn/T_Quinn_02ID_Tan.ubulk" 108
"C:/Users/kk459/Desktop/Unreal Projects/cpsc-491-kevin-running-doubledash-game/Senior_Project491/Content/Characters/Mannequins/Textures/Quinn/T_Quinn_02ID_Tan.uasset" 109
"C:/Users/kk459/Desktop/Unreal Projects/cpsc-491-kevin-running-doubledash-game/Senior_Project491/Content/Characters/Mannequins/Textures/Quinn/T_Quinn_02ID_Tan.uexp" 110
"C:/Users/kk459/Desktop/Unreal Projects/cpsc-491-kevin-running-doubledash-game/Senior_Project491/Content/Characters/Mannequins/Textures/Quinn/T_Quinn_02ID_D.ubulk" 111
"C:/Users/kk459/Desktop/Unreal Projects/cpsc-491-kevin-running-doubledash-game/Senior_Project491/Content/Characters/Mannequins/Textures/Quinn/T_Quinn_02ID_D.uasset" 112
"C:/Users/kk459/Desktop/Unreal Projects/cpsc-491-kevin-running-doubledash-game/Senior_Project491/Content/Characters/Mannequins/Textures/Quinn/T_Quinn_02ID_D.uexp" 113
"C:/Users/kk459/Desktop/Unreal Projects/cpsc-491-kevin-running-doubledash-game/Senior_Project491/Content/Characters/Mannequins/Textures/Quinn/T_Quinn_01ID_MSR_MSK.ubulk" 114
"C:/Users/kk459/Desktop/Unreal Projects/cpsc-491-kevin-running-doubledash-game/Senior_Project491/Content/Characters/Mannequins/Textures/Quinn/T_Quinn_01ID_MSR_MSK.uasset" 115
"C:/Users/kk459/Desktop/Unreal Projects/cpsc-491-kevin-running-doubledash-game/Senior_Project491/Content/Characters/Mannequins/Textures/Quinn/T_Quinn_01ID_MSR_MSK.uexp" 116
"C:/Users/kk459/Desktop/Unreal Projects/cpsc-491-kevin-running-doubledash-game/Senior_Project491/Content/Characters/Mannequins/Materials/Functions/ChromaticCurve.uasset" 117
"C:/Users/kk459/Desktop/Unreal Projects/cpsc-491-kevin-running-doubledash-game/Senior_Project491/Content/Characters/Mannequins/Materials/Functions/ChromaticCurve.uexp" 118
"C:/Users/kk459/Desktop/Unreal Projects/cpsc-491-kevin-running-doubledash-game/Senior_Project491/Content/Characters/Mannequins/Materials/Functions/CA_Mannequin.uasset" 119
"C:/Users/kk459/Desktop/Unreal Projects/cpsc-491-kevin-running-doubledash-game/Senior_Project491/Content/Characters/Mannequins/Materials/Functions/CA_Mannequin.uexp" 120
"C:/Users/kk459/Desktop/Unreal Projects/cpsc-491-kevin-running-doubledash-game/Senior_Project491/Content/Characters/Mannequins/Materials/Functions/MF_Diffraction.uasset" 121
"C:/Users/kk459/Desktop/Unreal Projects/cpsc-491-kevin-running-doubledash-game/Senior_Project491/Content/Characters/Mannequins/Materials/Functions/MF_Diffraction.uexp" 122
"C:/Users/kk459/Desktop/Unreal Projects/cpsc-491-kevin-running-doubledash-game/Senior_Project491/Content/Characters/Mannequins/Textures/Manny/T_Manny_01_N.ubulk" 123
"C:/Users/kk459/Desktop/Unreal Projects/cpsc-491-kevin-running-doubledash-game/Senior_Project491/Content/Characters/Mannequins/Textures/Manny/T_Manny_01_N.uasset" 124
"C:/Users/kk459/Desktop/Unreal Projects/cpsc-491-kevin-running-doubledash-game/Senior_Project491/Content/Characters/Mannequins/Textures/Manny/T_Manny_01_N.uexp" 125
"C:/Users/kk459/Desktop/Unreal Projects/cpsc-491-kevin-running-doubledash-game/Senior_Project491/Content/Characters/Mannequins/Materials/Functions/ML_BaseColorFallOff.uasset" 126
"C:/Users/kk459/Desktop/Unreal Projects/cpsc-491-kevin-running-doubledash-game/Senior_Project491/Content/Characters/Mannequins/Materials/Functions/ML_BaseColorFallOff.uexp" 127
"../../../Engine/Content/Functions/Engine_MaterialFunctions02/Utility/BreakOutFloat2Components.uasset" 128
"../../../Engine/Content/Functions/Engine_MaterialFunctions02/Utility/BreakOutFloat2Components.uexp" 129
"../../../Engine/Content/Functions/Engine_MaterialFunctions01/Texturing/ScaleUVsByCenter.uasset" 130
"../../../Engine/Content/Functions/Engine_MaterialFunctions01/Texturing/ScaleUVsByCenter.uexp" 131
"C:/Users/kk459/Desktop/Unreal Projects/cpsc-491-kevin-running-doubledash-game/Senior_Project491/Content/Characters/Mannequins/Textures/Shared/T_UE_Logo_M.uasset" 132
"C:/Users/kk459/Desktop/Unreal Projects/cpsc-491-kevin-running-doubledash-game/Senior_Project491/Content/Characters/Mannequins/Textures/Shared/T_UE_Logo_M.uexp" 133
"C:/Users/kk459/Desktop/Unreal Projects/cpsc-491-kevin-running-doubledash-game/Senior_Project491/Content/Characters/Mannequins/Materials/Functions/MF_logo3layers.uasset" 134
"C:/Users/kk459/Desktop/Unreal Projects/cpsc-491-kevin-running-doubledash-game/Senior_Project491/Content/Characters/Mannequins/Materials/Functions/MF_logo3layers.uexp" 135
"C:/Users/kk459/Desktop/Unreal Projects/cpsc-491-kevin-running-doubledash-game/Senior_Project491/Content/Characters/Mannequins/Textures/Manny/T_Manny_01_CCRCCPlastic_MSK.ubulk" 136
"C:/Users/kk459/Desktop/Unreal Projects/cpsc-491-kevin-running-doubledash-game/Senior_Project491/Content/Characters/Mannequins/Textures/Manny/T_Manny_01_CCRCCPlastic_MSK.uasset" 137
"C:/Users/kk459/Desktop/Unreal Projects/cpsc-491-kevin-running-doubledash-game/Senior_Project491/Content/Characters/Mannequins/Textures/Manny/T_Manny_01_CCRCCPlastic_MSK.uexp" 138
"C:/Users/kk459/Desktop/Unreal Projects/cpsc-491-kevin-running-doubledash-game/Senior_Project491/Content/Characters/Mannequins/Textures/Manny/T_Manny_01_ASAOPMASK_MSK.ubulk" 139
"C:/Users/kk459/Desktop/Unreal Projects/cpsc-491-kevin-running-doubledash-game/Senior_Project491/Content/Characters/Mannequins/Textures/Manny/T_Manny_01_ASAOPMASK_MSK.uasset" 140
"C:/Users/kk459/Desktop/Unreal Projects/cpsc-491-kevin-running-doubledash-game/Senior_Project491/Content/Characters/Mannequins/Textures/Manny/T_Manny_01_ASAOPMASK_MSK.uexp" 141
"C:/Users/kk459/Desktop/Unreal Projects/cpsc-491-kevin-running-doubledash-game/Senior_Project491/Content/Characters/Mannequins/Textures/Manny/T_Manny_01_MSR_MSK.ubulk" 142
"C:/Users/kk459/Desktop/Unreal Projects/cpsc-491-kevin-running-doubledash-game/Senior_Project491/Content/Characters/Mannequins/Textures/Manny/T_Manny_01_MSR_MSK.uasset" 143
"C:/Users/kk459/Desktop/Unreal Projects/cpsc-491-kevin-running-doubledash-game/Senior_Project491/Content/Characters/Mannequins/Textures/Manny/T_Manny_01_MSR_MSK.uexp" 144
"C:/Users/kk459/Desktop/Unreal Projects/cpsc-491-kevin-running-doubledash-game/Senior_Project491/Content/Characters/Mannequins/Textures/Manny/T_Manny_01_BN.ubulk" 145
"C:/Users/kk459/Desktop/Unreal Projects/cpsc-491-kevin-running-doubledash-game/Senior_Project491/Content/Characters/Mannequins/Textures/Manny/T_Manny_01_BN.uasset" 146
"C:/Users/kk459/Desktop/Unreal Projects/cpsc-491-kevin-running-doubledash-game/Senior_Project491/Content/Characters/Mannequins/Textures/Manny/T_Manny_01_BN.uexp" 147
"C:/Users/kk459/Desktop/Unreal Projects/cpsc-491-kevin-running-doubledash-game/Senior_Project491/Content/Characters/Mannequins/Textures/Manny/T_Manny_01_D.ubulk" 148
"C:/Users/kk459/Desktop/Unreal Projects/cpsc-491-kevin-running-doubledash-game/Senior_Project491/Content/Characters/Mannequins/Textures/Manny/T_Manny_01_D.uasset" 149
"C:/Users/kk459/Desktop/Unreal Projects/cpsc-491-kevin-running-doubledash-game/Senior_Project491/Content/Characters/Mannequins/Textures/Manny/T_Manny_01_D.uexp" 150
"C:/Users/kk459/Desktop/Unreal Projects/cpsc-491-kevin-running-doubledash-game/Senior_Project491/Content/Characters/Mannequins/Textures/Manny/T_Manny_01_Tan.ubulk" 151
"C:/Users/kk459/Desktop/Unreal Projects/cpsc-491-kevin-running-doubledash-game/Senior_Project491/Content/Characters/Mannequins/Textures/Manny/T_Manny_01_Tan.uasset" 152
"C:/Users/kk459/Desktop/Unreal Projects/cpsc-491-kevin-running-doubledash-game/Senior_Project491/Content/Characters/Mannequins/Textures/Manny/T_Manny_01_Tan.uexp" 153
"C:/Users/kk459/Desktop/Unreal Projects/cpsc-491-kevin-running-doubledash-game/Senior_Project491/Content/Characters/Mannequins/Materials/M_Mannequin.uasset" 154
"C:/Users/kk459/Desktop/Unreal Projects/cpsc-491-kevin-running-doubledash-game/Senior_Project491/Content/Characters/Mannequins/Materials/M_Mannequin.uexp" 155
"C:/Users/kk459/Desktop/Unreal Projects/cpsc-491-kevin-running-doubledash-game/Senior_Project491/Content/Characters/Mannequins/Textures/Quinn/T_Quinn_01_ASAOMASK_MSK.ubulk" 156
"C:/Users/kk459/Desktop/Unreal Projects/cpsc-491-kevin-running-doubledash-game/Senior_Project491/Content/Characters/Mannequins/Textures/Quinn/T_Quinn_01_ASAOMASK_MSK.uasset" 157
"C:/Users/kk459/Desktop/Unreal Projects/cpsc-491-kevin-running-doubledash-game/Senior_Project491/Content/Characters/Mannequins/Textures/Quinn/T_Quinn_01_ASAOMASK_MSK.uexp" 158
"C:/Users/kk459/Desktop/Unreal Projects/cpsc-491-kevin-running-doubledash-game/Senior_Project491/Content/Characters/Mannequins/Textures/Quinn/T_Quinn_01ID_N.ubulk" 159
"C:/Users/kk459/Desktop/Unreal Projects/cpsc-491-kevin-running-doubledash-game/Senior_Project491/Content/Characters/Mannequins/Textures/Quinn/T_Quinn_01ID_N.uasset" 160
"C:/Users/kk459/Desktop/Unreal Projects/cpsc-491-kevin-running-doubledash-game/Senior_Project491/Content/Characters/Mannequins/Textures/Quinn/T_Quinn_01ID_N.uexp" 161
"C:/Users/kk459/Desktop/Unreal Projects/cpsc-491-kevin-running-doubledash-game/Senior_Project491/Content/Characters/Mannequins/Textures/Quinn/T_Quinn_01ID_BN.ubulk" 162
"C:/Users/kk459/Desktop/Unreal Projects/cpsc-491-kevin-running-doubledash-game/Senior_Project491/Content/Characters/Mannequins/Textures/Quinn/T_Quinn_01ID_BN.uasset" 163
"C:/Users/kk459/Desktop/Unreal Projects/cpsc-491-kevin-running-doubledash-game/Senior_Project491/Content/Characters/Mannequins/Textures/Quinn/T_Quinn_01ID_BN.uexp" 164
"C:/Users/kk459/Desktop/Unreal Projects/cpsc-491-kevin-running-doubledash-game/Senior_Project491/Content/Characters/Mannequins/Textures/Quinn/T_Quinn_01ID_D.ubulk" 165
"C:/Users/kk459/Desktop/Unreal Projects/cpsc-491-kevin-running-doubledash-game/Senior_Project491/Content/Characters/Mannequins/Textures/Quinn/T_Quinn_01ID_D.uasset" 166
"C:/Users/kk459/Desktop/Unreal Projects/cpsc-491-kevin-running-doubledash-game/Senior_Project491/Content/Characters/Mannequins/Textures/Quinn/T_Quinn_01ID_D.uexp" 167
"C:/Users/kk459/Desktop/Unreal Projects/cpsc-491-kevin-running-doubledash-game/Senior_Project491/Content/Characters/Mannequins/Textures/Quinn/T_Quinn_01ID_Tan.ubulk" 168
"C:/Users/kk459/Desktop/Unreal Projects/cpsc-491-kevin-running-doubledash-game/Senior_Project491/Content/Characters/Mannequins/Textures/Quinn/T_Quinn_01ID_Tan.uasset" 169
"C:/Users/kk459/Desktop/Unreal Projects/cpsc-491-kevin-running-doubledash-game/Senior_Project491/Content/Characters/Mannequins/Textures/Quinn/T_Quinn_01ID_Tan.uexp" 170
"C:/Users/kk459/Desktop/Unreal Projects/cpsc-491-kevin-running-doubledash-game/Senior_Project491/Content/Characters/Mannequins/Textures/Quinn/T_Quinn_01_CCRCCPlastic_MSK.ubulk" 171
"C:/Users/kk459/Desktop/Unreal Projects/cpsc-491-kevin-running-doubledash-game/Senior_Project491/Content/Characters/Mannequins/Textures/Quinn/T_Quinn_01_CCRCCPlastic_MSK.uasset" 172
"C:/Users/kk459/Desktop/Unreal Projects/cpsc-491-kevin-running-doubledash-game/Senior_Project491/Content/Characters/Mannequins/Textures/Quinn/T_Quinn_01_CCRCCPlastic_MSK.uexp" 173
"C:/Users/kk459/Desktop/Unreal Projects/cpsc-491-kevin-running-doubledash-game/Senior_Project491/Content/Characters/Mannequins/Materials/Instances/Quinn/MI_Quinn_01.uasset" 174
"C:/Users/kk459/Desktop/Unreal Projects/cpsc-491-kevin-running-doubledash-game/Senior_Project491/Content/Characters/Mannequins/Materials/Instances/Quinn/MI_Quinn_01.uexp" 175
"C:/Users/kk459/Desktop/Unreal Projects/cpsc-491-kevin-running-doubledash-game/Senior_Project491/Content/Characters/Mannequins/Textures/Quinn/T_Quinn_02ID_N.ubulk" 176
"C:/Users/kk459/Desktop/Unreal Projects/cpsc-491-kevin-running-doubledash-game/Senior_Project491/Content/Characters/Mannequins/Textures/Quinn/T_Quinn_02ID_N.uasset" 177
"C:/Users/kk459/Desktop/Unreal Projects/cpsc-491-kevin-running-doubledash-game/Senior_Project491/Content/Characters/Mannequins/Textures/Quinn/T_Quinn_02ID_N.uexp" 178
"C:/Users/kk459/Desktop/Unreal Projects/cpsc-491-kevin-running-doubledash-game/Senior_Project491/Content/Characters/Mannequins/Materials/Instances/Quinn/MI_Quinn_02.uasset" 179
"C:/Users/kk459/Desktop/Unreal Projects/cpsc-491-kevin-running-doubledash-game/Senior_Project491/Content/Characters/Mannequins/Materials/Instances/Quinn/MI_Quinn_02.uexp" 180
"C:/Users/kk459/Desktop/Unreal Projects/cpsc-491-kevin-running-doubledash-game/Senior_Project491/Content/Characters/Mannequins/Rigs/PA_Mannequin.uasset" 181
"C:/Users/kk459/Desktop/Unreal Projects/cpsc-491-kevin-running-doubledash-game/Senior_Project491/Content/Characters/Mannequins/Rigs/PA_Mannequin.uexp" 182
"C:/Users/kk459/Desktop/Unreal Projects/cpsc-491-kevin-running-doubledash-game/Senior_Project491/Content/Characters/Mannequins/Meshes/SKM_Quinn_Simple.uasset" 183
"C:/Users/kk459/Desktop/Unreal Projects/cpsc-491-kevin-running-doubledash-game/Senior_Project491/Content/Characters/Mannequins/Meshes/SKM_Quinn_Simple.uexp" 184
"C:/Users/kk459/Desktop/Unreal Projects/cpsc-491-kevin-running-doubledash-game/Senior_Project491/Content/3D_Models/pasted__pasted__pasted__lambert3.uasset" 185
"C:/Users/kk459/Desktop/Unreal Projects/cpsc-491-kevin-running-doubledash-game/Senior_Project491/Content/3D_Models/pasted__pasted__pasted__lambert3.uexp" 186
"C:/Users/kk459/Desktop/Unreal Projects/cpsc-491-kevin-running-doubledash-game/Senior_Project491/Content/CPSC-491-Pause-Button-Quit.uasset" 187
"C:/Users/kk459/Desktop/Unreal Projects/cpsc-491-kevin-running-doubledash-game/Senior_Project491/Content/CPSC-491-Pause-Button-Quit.uexp" 188
"C:/Users/kk459/Desktop/Unreal Projects/cpsc-491-kevin-running-doubledash-game/Senior_Project491/Content/CPSC-491-Pause-Button-Resume.uasset" 189
"C:/Users/kk459/Desktop/Unreal Projects/cpsc-491-kevin-running-doubledash-game/Senior_Project491/Content/CPSC-491-Pause-Button-Resume.uexp" 190
"C:/Users/kk459/Desktop/Unreal Projects/cpsc-491-kevin-running-doubledash-game/Senior_Project491/Content/PauseSelection.uasset" 191
"C:/Users/kk459/Desktop/Unreal Projects/cpsc-491-kevin-running-doubledash-game/Senior_Project491/Content/PauseSelection.uexp" 192
"C:/Users/kk459/Desktop/Unreal Projects/cpsc-491-kevin-running-doubledash-game/Senior_Project491/Content/StarterContent/Textures/T_Smoke_SubUV.ubulk" 193
"C:/Users/kk459/Desktop/Unreal Projects/cpsc-491-kevin-running-doubledash-game/Senior_Project491/Content/StarterContent/Textures/T_Smoke_SubUV.uasset" 194
"C:/Users/kk459/Desktop/Unreal Projects/cpsc-491-kevin-running-doubledash-game/Senior_Project491/Content/StarterContent/Textures/T_Smoke_SubUV.uexp" 195
"C:/Users/kk459/Desktop/Unreal Projects/cpsc-491-kevin-running-doubledash-game/Senior_Project491/Content/StarterContent/Textures/T_Smoke_Tiled_D.ubulk" 196
"C:/Users/kk459/Desktop/Unreal Projects/cpsc-491-kevin-running-doubledash-game/Senior_Project491/Content/StarterContent/Textures/T_Smoke_Tiled_D.uasset" 197
"C:/Users/kk459/Desktop/Unreal Projects/cpsc-491-kevin-running-doubledash-game/Senior_Project491/Content/StarterContent/Textures/T_Smoke_Tiled_D.uexp" 198
"C:/Users/kk459/Desktop/Unreal Projects/cpsc-491-kevin-running-doubledash-game/Senior_Project491/Content/StarterContent/Particles/Materials/M_smoke_subUV.uasset" 199
"C:/Users/kk459/Desktop/Unreal Projects/cpsc-491-kevin-running-doubledash-game/Senior_Project491/Content/StarterContent/Particles/Materials/M_smoke_subUV.uexp" 200
"C:/Users/kk459/Desktop/Unreal Projects/cpsc-491-kevin-running-doubledash-game/Senior_Project491/Content/StarterContent/Textures/T_Burst_M.ubulk" 201
"C:/Users/kk459/Desktop/Unreal Projects/cpsc-491-kevin-running-doubledash-game/Senior_Project491/Content/StarterContent/Textures/T_Burst_M.uasset" 202
"C:/Users/kk459/Desktop/Unreal Projects/cpsc-491-kevin-running-doubledash-game/Senior_Project491/Content/StarterContent/Textures/T_Burst_M.uexp" 203
"C:/Users/kk459/Desktop/Unreal Projects/cpsc-491-kevin-running-doubledash-game/Senior_Project491/Content/StarterContent/Particles/Materials/M_Burst.uasset" 204
"C:/Users/kk459/Desktop/Unreal Projects/cpsc-491-kevin-running-doubledash-game/Senior_Project491/Content/StarterContent/Particles/Materials/M_Burst.uexp" 205
"C:/Users/kk459/Desktop/Unreal Projects/cpsc-491-kevin-running-doubledash-game/Senior_Project491/Content/StarterContent/Particles/Materials/m_flare_01.uasset" 206
"C:/Users/kk459/Desktop/Unreal Projects/cpsc-491-kevin-running-doubledash-game/Senior_Project491/Content/StarterContent/Particles/Materials/m_flare_01.uexp" 207
"C:/Users/kk459/Desktop/Unreal Projects/cpsc-491-kevin-running-doubledash-game/Senior_Project491/Content/StarterContent/Textures/T_Explosion_SubUV.ubulk" 208
"C:/Users/kk459/Desktop/Unreal Projects/cpsc-491-kevin-running-doubledash-game/Senior_Project491/Content/StarterContent/Textures/T_Explosion_SubUV.uasset" 209
"C:/Users/kk459/Desktop/Unreal Projects/cpsc-491-kevin-running-doubledash-game/Senior_Project491/Content/StarterContent/Textures/T_Explosion_SubUV.uexp" 210
"C:/Users/kk459/Desktop/Unreal Projects/cpsc-491-kevin-running-doubledash-game/Senior_Project491/Content/StarterContent/Particles/Materials/M_explosion_subUV.uasset" 211
"C:/Users/kk459/Desktop/Unreal Projects/cpsc-491-kevin-running-doubledash-game/Senior_Project491/Content/StarterContent/Particles/Materials/M_explosion_subUV.uexp" 212
"../../../Engine/Content/Functions/Engine_MaterialFunctions01/Gradient/RadialGradient.uasset" 213
"../../../Engine/Content/Functions/Engine_MaterialFunctions01/Gradient/RadialGradient.uexp" 214
"C:/Users/kk459/Desktop/Unreal Projects/cpsc-491-kevin-running-doubledash-game/Senior_Project491/Content/StarterContent/Particles/Materials/M_radial_ramp.uasset" 215
"C:/Users/kk459/Desktop/Unreal Projects/cpsc-491-kevin-running-doubledash-game/Senior_Project491/Content/StarterContent/Particles/Materials/M_radial_ramp.uexp" 216
"C:/Users/kk459/Desktop/Unreal Projects/cpsc-491-kevin-running-doubledash-game/Senior_Project491/Content/StarterContent/Particles/P_Explosion.uasset" 217
"C:/Users/kk459/Desktop/Unreal Projects/cpsc-491-kevin-running-doubledash-game/Senior_Project491/Content/StarterContent/Particles/P_Explosion.uexp" 218
"C:/Users/kk459/Desktop/Unreal Projects/cpsc-491-kevin-running-doubledash-game/Senior_Project491/Content/Kevin-3D-Model-Image-Face.uasset" 219
"C:/Users/kk459/Desktop/Unreal Projects/cpsc-491-kevin-running-doubledash-game/Senior_Project491/Content/Kevin-3D-Model-Image-Face.uexp" 220
"C:/Users/kk459/Desktop/Unreal Projects/cpsc-491-kevin-running-doubledash-game/Senior_Project491/Content/Kevin.uasset" 221
"C:/Users/kk459/Desktop/Unreal Projects/cpsc-491-kevin-running-doubledash-game/Senior_Project491/Content/Kevin.uexp" 222
"C:/Users/kk459/Desktop/Unreal Projects/cpsc-491-kevin-running-doubledash-game/Senior_Project491/Content/Maya_Lambert4.uasset" 223
"C:/Users/kk459/Desktop/Unreal Projects/cpsc-491-kevin-running-doubledash-game/Senior_Project491/Content/Maya_Lambert4.uexp" 224
"C:/Users/kk459/Desktop/Unreal Projects/cpsc-491-kevin-running-doubledash-game/Senior_Project491/Content/Maya_Lambert5.uasset" 225
"C:/Users/kk459/Desktop/Unreal Projects/cpsc-491-kevin-running-doubledash-game/Senior_Project491/Content/Maya_Lambert5.uexp" 226
"C:/Users/kk459/Desktop/Unreal Projects/cpsc-491-kevin-running-doubledash-game/Senior_Project491/Content/Kevin_Face.ubulk" 227
"C:/Users/kk459/Desktop/Unreal Projects/cpsc-491-kevin-running-doubledash-game/Senior_Project491/Content/Kevin_Face.uasset" 228
"C:/Users/kk459/Desktop/Unreal Projects/cpsc-491-kevin-running-doubledash-game/Senior_Project491/Content/Kevin_Face.uexp" 229
"../../../Engine/Content/Animation/DefaultAnimCurveCompressionSettings.uasset" 230
"../../../Engine/Content/Animation/DefaultAnimCurveCompressionSettings.uexp" 231
"../../../Engine/Content/Animation/DefaultAnimBoneCompressionSettings.uasset" 232
"../../../Engine/Content/Animation/DefaultAnimBoneCompressionSettings.uexp" 233
"C:/Users/kk459/Desktop/Unreal Projects/cpsc-491-kevin-running-doubledash-game/Senior_Project491/Content/Characters/Mannequins/Animations/Quinn/MF_Run_Fwd.uasset" 234
"C:/Users/kk459/Desktop/Unreal Projects/cpsc-491-kevin-running-doubledash-game/Senior_Project491/Content/Characters/Mannequins/Animations/Quinn/MF_Run_Fwd.uexp" 235
"C:/Users/kk459/Desktop/Unreal Projects/cpsc-491-kevin-running-doubledash-game/Senior_Project491/Content/Characters/Mannequins/Animations/Quinn/MF_Walk_Fwd.uasset" 236
"C:/Users/kk459/Desktop/Unreal Projects/cpsc-491-kevin-running-doubledash-game/Senior_Project491/Content/Characters/Mannequins/Animations/Quinn/MF_Walk_Fwd.uexp" 237
"../../../Engine/Content/Animation/DefaultRecorderBoneCompression.uasset" 238
"../../../Engine/Content/Animation/DefaultRecorderBoneCompression.uexp" 239
"C:/Users/kk459/Desktop/Unreal Projects/cpsc-491-kevin-running-doubledash-game/Senior_Project491/Content/Characters/Mannequins/Animations/Manny/MM_Walk_InPlace.uasset" 240
"C:/Users/kk459/Desktop/Unreal Projects/cpsc-491-kevin-running-doubledash-game/Senior_Project491/Content/Characters/Mannequins/Animations/Manny/MM_Walk_InPlace.uexp" 241
"C:/Users/kk459/Desktop/Unreal Projects/cpsc-491-kevin-running-doubledash-game/Senior_Project491/Content/Characters/Mannequins/Animations/Quinn/BS_MF_Unarmed_WalkRun.uasset" 242
"C:/Users/kk459/Desktop/Unreal Projects/cpsc-491-kevin-running-doubledash-game/Senior_Project491/Content/Characters/Mannequins/Animations/Quinn/BS_MF_Unarmed_WalkRun.uexp" 243
"C:/Users/kk459/Desktop/Unreal Projects/cpsc-491-kevin-running-doubledash-game/Senior_Project491/Content/Characters/Mannequins/Animations/Quinn/MF_Idle.uasset" 244
"C:/Users/kk459/Desktop/Unreal Projects/cpsc-491-kevin-running-doubledash-game/Senior_Project491/Content/Characters/Mannequins/Animations/Quinn/MF_Idle.uexp" 245
"../../../Engine/Content/Animation/DefaultVariableFrameStrippingSettings.uasset" 246
"../../../Engine/Content/Animation/DefaultVariableFrameStrippingSettings.uexp" 247
"C:/Users/kk459/Desktop/Unreal Projects/cpsc-491-kevin-running-doubledash-game/Senior_Project491/Content/Characters/Mannequins/Animations/Manny/MM_Fall_Loop.uasset" 248
"C:/Users/kk459/Desktop/Unreal Projects/cpsc-491-kevin-running-doubledash-game/Senior_Project491/Content/Characters/Mannequins/Animations/Manny/MM_Fall_Loop.uexp" 249
"C:/Users/kk459/Desktop/Unreal Projects/cpsc-491-kevin-running-doubledash-game/Senior_Project491/Content/Characters/Mannequins/Animations/Manny/MM_Jump.uasset" 250
"C:/Users/kk459/Desktop/Unreal Projects/cpsc-491-kevin-running-doubledash-game/Senior_Project491/Content/Characters/Mannequins/Animations/Manny/MM_Jump.uexp" 251
"../../../Engine/Plugins/Animation/ControlRig/Content/Controls/DefaultGizmoLibrary.uasset" 252
"../../../Engine/Plugins/Animation/ControlRig/Content/Controls/DefaultGizmoLibrary.uexp" 253
"C:/Users/kk459/Desktop/Unreal Projects/cpsc-491-kevin-running-doubledash-game/Senior_Project491/Content/Characters/Mannequins/Rigs/CR_Mannequin_BasicFootIK.uasset" 254
"C:/Users/kk459/Desktop/Unreal Projects/cpsc-491-kevin-running-doubledash-game/Senior_Project491/Content/Characters/Mannequins/Rigs/CR_Mannequin_BasicFootIK.uexp" 255
"C:/Users/kk459/Desktop/Unreal Projects/cpsc-491-kevin-running-doubledash-game/Senior_Project491/Content/Characters/Mannequins/Animations/Manny/MM_Run_Fwd.uasset" 256
"C:/Users/kk459/Desktop/Unreal Projects/cpsc-491-kevin-running-doubledash-game/Senior_Project491/Content/Characters/Mannequins/Animations/Manny/MM_Run_Fwd.uexp" 257
"C:/Users/kk459/Desktop/Unreal Projects/cpsc-491-kevin-running-doubledash-game/Senior_Project491/Content/Characters/Mannequins/Animations/Manny/MM_Walk_Fwd.uasset" 258
"C:/Users/kk459/Desktop/Unreal Projects/cpsc-491-kevin-running-doubledash-game/Senior_Project491/Content/Characters/Mannequins/Animations/Manny/MM_Walk_Fwd.uexp" 259
"C:/Users/kk459/Desktop/Unreal Projects/cpsc-491-kevin-running-doubledash-game/Senior_Project491/Content/Characters/Mannequins/Animations/Manny/BS_MM_WalkRun.uasset" 260
"C:/Users/kk459/Desktop/Unreal Projects/cpsc-491-kevin-running-doubledash-game/Senior_Project491/Content/Characters/Mannequins/Animations/Manny/BS_MM_WalkRun.uexp" 261
"C:/Users/kk459/Desktop/Unreal Projects/cpsc-491-kevin-running-doubledash-game/Senior_Project491/Content/Characters/Mannequins/Animations/Manny/MM_Land.uasset" 262
"C:/Users/kk459/Desktop/Unreal Projects/cpsc-491-kevin-running-doubledash-game/Senior_Project491/Content/Characters/Mannequins/Animations/Manny/MM_Land.uexp" 263
"C:/Users/kk459/Desktop/Unreal Projects/cpsc-491-kevin-running-doubledash-game/Senior_Project491/Content/Characters/Mannequins/Animations/Manny/MM_Idle.uasset" 264
"C:/Users/kk459/Desktop/Unreal Projects/cpsc-491-kevin-running-doubledash-game/Senior_Project491/Content/Characters/Mannequins/Animations/Manny/MM_Idle.uexp" 265
"C:/Users/kk459/Desktop/Unreal Projects/cpsc-491-kevin-running-doubledash-game/Senior_Project491/Content/Characters/Mannequins/Animations/ABP_Manny.uasset" 266
"C:/Users/kk459/Desktop/Unreal Projects/cpsc-491-kevin-running-doubledash-game/Senior_Project491/Content/Characters/Mannequins/Animations/ABP_Manny.uexp" 267
"C:/Users/kk459/Desktop/Unreal Projects/cpsc-491-kevin-running-doubledash-game/Senior_Project491/Content/Characters/Mannequins/Animations/ABP_Quinn.uasset" 268
"C:/Users/kk459/Desktop/Unreal Projects/cpsc-491-kevin-running-doubledash-game/Senior_Project491/Content/Characters/Mannequins/Animations/ABP_Quinn.uexp" 269
"C:/Users/kk459/Desktop/Unreal Projects/cpsc-491-kevin-running-doubledash-game/Senior_Project491/Content/SaveData.uasset" 270
"C:/Users/kk459/Desktop/Unreal Projects/cpsc-491-kevin-running-doubledash-game/Senior_Project491/Content/SaveData.uexp" 271
"C:/Users/kk459/Desktop/Unreal Projects/cpsc-491-kevin-running-doubledash-game/Senior_Project491/Content/Tim_s-Face.uasset" 272
"C:/Users/kk459/Desktop/Unreal Projects/cpsc-491-kevin-running-doubledash-game/Senior_Project491/Content/Tim_s-Face.uexp" 273
"C:/Users/kk459/Desktop/Unreal Projects/cpsc-491-kevin-running-doubledash-game/Senior_Project491/Content/Tim.uasset" 274
"C:/Users/kk459/Desktop/Unreal Projects/cpsc-491-kevin-running-doubledash-game/Senior_Project491/Content/Tim.uexp" 275
"C:/Users/kk459/Desktop/Unreal Projects/cpsc-491-kevin-running-doubledash-game/Senior_Project491/Content/SkinColor.uasset" 276
"C:/Users/kk459/Desktop/Unreal Projects/cpsc-491-kevin-running-doubledash-game/Senior_Project491/Content/SkinColor.uexp" 277
"C:/Users/kk459/Desktop/Unreal Projects/cpsc-491-kevin-running-doubledash-game/Senior_Project491/Content/BP_ThirdPersonCharacter_AI.uasset" 278
"C:/Users/kk459/Desktop/Unreal Projects/cpsc-491-kevin-running-doubledash-game/Senior_Project491/Content/BP_ThirdPersonCharacter_AI.uexp" 279
"C:/Users/kk459/Desktop/Unreal Projects/cpsc-491-kevin-running-doubledash-game/Senior_Project491/Content/ThirdPerson/Input/Actions/IA_Jump.uasset" 280
"C:/Users/kk459/Desktop/Unreal Projects/cpsc-491-kevin-running-doubledash-game/Senior_Project491/Content/ThirdPerson/Input/Actions/IA_Jump.uexp" 281
"C:/Users/kk459/Desktop/Unreal Projects/cpsc-491-kevin-running-doubledash-game/Senior_Project491/Content/ThirdPerson/Input/Actions/IA_Look.uasset" 282
"C:/Users/kk459/Desktop/Unreal Projects/cpsc-491-kevin-running-doubledash-game/Senior_Project491/Content/ThirdPerson/Input/Actions/IA_Look.uexp" 283
"C:/Users/kk459/Desktop/Unreal Projects/cpsc-491-kevin-running-doubledash-game/Senior_Project491/Content/ThirdPerson/Input/Actions/IA_Move.uasset" 284
"C:/Users/kk459/Desktop/Unreal Projects/cpsc-491-kevin-running-doubledash-game/Senior_Project491/Content/ThirdPerson/Input/Actions/IA_Move.uexp" 285
"C:/Users/kk459/Desktop/Unreal Projects/cpsc-491-kevin-running-doubledash-game/Senior_Project491/Content/EA_pauseGame.uasset" 286
"C:/Users/kk459/Desktop/Unreal Projects/cpsc-491-kevin-running-doubledash-game/Senior_Project491/Content/EA_pauseGame.uexp" 287
"C:/Users/kk459/Desktop/Unreal Projects/cpsc-491-kevin-running-doubledash-game/Senior_Project491/Content/ThirdPerson/Input/IMC_Default.uasset" 288
"C:/Users/kk459/Desktop/Unreal Projects/cpsc-491-kevin-running-doubledash-game/Senior_Project491/Content/ThirdPerson/Input/IMC_Default.uexp" 289
"C:/Users/kk459/Desktop/Unreal Projects/cpsc-491-kevin-running-doubledash-game/Senior_Project491/Content/RedColor.uasset" 290
"C:/Users/kk459/Desktop/Unreal Projects/cpsc-491-kevin-running-doubledash-game/Senior_Project491/Content/RedColor.uexp" 291
"C:/Users/kk459/Desktop/Unreal Projects/cpsc-491-kevin-running-doubledash-game/Senior_Project491/Content/Maya_Lambert1.uasset" 292
"C:/Users/kk459/Desktop/Unreal Projects/cpsc-491-kevin-running-doubledash-game/Senior_Project491/Content/Maya_Lambert1.uexp" 293
"C:/Users/kk459/Desktop/Unreal Projects/cpsc-491-kevin-running-doubledash-game/Senior_Project491/Content/Fake_Item_Box.ubulk" 294
"C:/Users/kk459/Desktop/Unreal Projects/cpsc-491-kevin-running-doubledash-game/Senior_Project491/Content/Fake_Item_Box.uasset" 295
"C:/Users/kk459/Desktop/Unreal Projects/cpsc-491-kevin-running-doubledash-game/Senior_Project491/Content/Fake_Item_Box.uexp" 296
"C:/Users/kk459/Desktop/Unreal Projects/cpsc-491-kevin-running-doubledash-game/Senior_Project491/Content/Fake_Item-Box_BP.uasset" 297
"C:/Users/kk459/Desktop/Unreal Projects/cpsc-491-kevin-running-doubledash-game/Senior_Project491/Content/Fake_Item-Box_BP.uexp" 298
"C:/Users/kk459/Desktop/Unreal Projects/cpsc-491-kevin-running-doubledash-game/Senior_Project491/Content/ThirdPerson/Blueprints/BP_ThirdPersonGameMode.uasset" 299
"C:/Users/kk459/Desktop/Unreal Projects/cpsc-491-kevin-running-doubledash-game/Senior_Project491/Content/ThirdPerson/Blueprints/BP_ThirdPersonGameMode.uexp" 300
"C:/Users/kk459/Desktop/Unreal Projects/cpsc-491-kevin-running-doubledash-game/Senior_Project491/Content/BP_ThirdPersonCharacter.uasset" 301
"C:/Users/kk459/Desktop/Unreal Projects/cpsc-491-kevin-running-doubledash-game/Senior_Project491/Content/BP_ThirdPersonCharacter.uexp" 302
"C:/Users/kk459/Desktop/Unreal Projects/cpsc-491-kevin-running-doubledash-game/Senior_Project491/Content/Invincibility-Logo.uasset" 303
"C:/Users/kk459/Desktop/Unreal Projects/cpsc-491-kevin-running-doubledash-game/Senior_Project491/Content/Invincibility-Logo.uexp" 304
"C:/Users/kk459/Desktop/Unreal Projects/cpsc-491-kevin-running-doubledash-game/Senior_Project491/Content/Fake-Item-Box-Logo.uasset" 305
"C:/Users/kk459/Desktop/Unreal Projects/cpsc-491-kevin-running-doubledash-game/Senior_Project491/Content/Fake-Item-Box-Logo.uexp" 306
"C:/Users/kk459/Desktop/Unreal Projects/cpsc-491-kevin-running-doubledash-game/Senior_Project491/Content/Speed-Boost-Logo.uasset" 307
"C:/Users/kk459/Desktop/Unreal Projects/cpsc-491-kevin-running-doubledash-game/Senior_Project491/Content/Speed-Boost-Logo.uexp" 308
"C:/Users/kk459/Desktop/Unreal Projects/cpsc-491-kevin-running-doubledash-game/Senior_Project491/Content/ThirdPerson/Blueprints/TP_TextSlot.uasset" 309
"C:/Users/kk459/Desktop/Unreal Projects/cpsc-491-kevin-running-doubledash-game/Senior_Project491/Content/ThirdPerson/Blueprints/TP_TextSlot.uexp" 310
"C:/Users/kk459/Desktop/Unreal Projects/cpsc-491-kevin-running-doubledash-game/Senior_Project491/Content/ThirdPerson/Blueprints/TrackPosition.uasset" 311
"C:/Users/kk459/Desktop/Unreal Projects/cpsc-491-kevin-running-doubledash-game/Senior_Project491/Content/ThirdPerson/Blueprints/TrackPosition.uexp" 312
"C:/Users/kk459/Desktop/Unreal Projects/cpsc-491-kevin-running-doubledash-game/Senior_Project491/Content/WB_LapCounter.uasset" 313
"C:/Users/kk459/Desktop/Unreal Projects/cpsc-491-kevin-running-doubledash-game/Senior_Project491/Content/WB_LapCounter.uexp" 314
"C:/Users/kk459/Desktop/Unreal Projects/cpsc-491-kevin-running-doubledash-game/Senior_Project491/Content/LapCounter.uasset" 315
"C:/Users/kk459/Desktop/Unreal Projects/cpsc-491-kevin-running-doubledash-game/Senior_Project491/Content/LapCounter.uexp" 316
"C:/Users/kk459/Desktop/Unreal Projects/cpsc-491-kevin-running-doubledash-game/Senior_Project491/Content/GreenColor.uasset" 317
"C:/Users/kk459/Desktop/Unreal Projects/cpsc-491-kevin-running-doubledash-game/Senior_Project491/Content/GreenColor.uexp" 318
"C:/Users/kk459/Desktop/Unreal Projects/cpsc-491-kevin-running-doubledash-game/Senior_Project491/Content/ItemBox.uasset" 319
"C:/Users/kk459/Desktop/Unreal Projects/cpsc-491-kevin-running-doubledash-game/Senior_Project491/Content/ItemBox.uexp" 320
"C:/Users/kk459/Desktop/Unreal Projects/cpsc-491-kevin-running-doubledash-game/Senior_Project491/Content/CountdownWidget.uasset" 321
"C:/Users/kk459/Desktop/Unreal Projects/cpsc-491-kevin-running-doubledash-game/Senior_Project491/Content/CountdownWidget.uexp" 322
"C:/Users/kk459/Desktop/Unreal Projects/cpsc-491-kevin-running-doubledash-game/Senior_Project491/Content/BP_CountdownManager.uasset" 323
"C:/Users/kk459/Desktop/Unreal Projects/cpsc-491-kevin-running-doubledash-game/Senior_Project491/Content/BP_CountdownManager.uexp" 324
"C:/Users/kk459/Desktop/Unreal Projects/cpsc-491-kevin-running-doubledash-game/Senior_Project491/Content/2025-05-01_02-31.uasset" 325
"C:/Users/kk459/Desktop/Unreal Projects/cpsc-491-kevin-running-doubledash-game/Senior_Project491/Content/2025-05-01_02-31.uexp" 326
"C:/Users/kk459/Desktop/Unreal Projects/cpsc-491-kevin-running-doubledash-game/Senior_Project491/Content/Boost.uasset" 327
"C:/Users/kk459/Desktop/Unreal Projects/cpsc-491-kevin-running-doubledash-game/Senior_Project491/Content/Boost.uexp" 328
"C:/Users/kk459/Desktop/Unreal Projects/cpsc-491-kevin-running-doubledash-game/Senior_Project491/Content/BoostPad.uasset" 329
"C:/Users/kk459/Desktop/Unreal Projects/cpsc-491-kevin-running-doubledash-game/Senior_Project491/Content/BoostPad.uexp" 330
"../../../Engine/Content/EngineResources/GradientTexture0.uasset" 331
"../../../Engine/Content/EngineResources/GradientTexture0.uexp" 332
"../../../Engine/Content/EngineResources/DefaultTexture.ubulk" 333
"../../../Engine/Content/EngineResources/DefaultTexture.uasset" 334
"../../../Engine/Content/EngineResources/DefaultTexture.uexp" 335
"../../../Engine/Content/EngineResources/Black.uasset" 336
"../../../Engine/Content/EngineResources/Black.uexp" 337
"../../../Engine/Content/EngineMaterials/PreintegratedSkinBRDF.uasset" 338
"../../../Engine/Content/EngineMaterials/PreintegratedSkinBRDF.uexp" 339
"../../../Engine/Content/EngineMaterials/MiniFont.uasset" 340
"../../../Engine/Content/EngineMaterials/MiniFont.uexp" 341
"../../../Engine/Content/EngineMaterials/FastBlueNoise_vec2_128x128x64.uasset" 342
"../../../Engine/Content/EngineMaterials/FastBlueNoise_vec2_128x128x64.uexp" 343
"../../../Engine/Content/EngineMaterials/FastBlueNoise_scalar_128x128x64.uasset" 344
"../../../Engine/Content/EngineMaterials/FastBlueNoise_scalar_128x128x64.uexp" 345
"../../../Engine/Content/EngineMaterials/DefaultWhiteGrid.ubulk" 346
"../../../Engine/Content/EngineMaterials/DefaultWhiteGrid.uasset" 347
"../../../Engine/Content/EngineMaterials/DefaultWhiteGrid.uexp" 348
"../../../Engine/Content/EngineMaterials/DefaultBokeh.uasset" 349
"../../../Engine/Content/EngineMaterials/DefaultBokeh.uexp" 350
"../../../Engine/Content/EngineMaterials/DefaultBloomKernel.uasset" 351
"../../../Engine/Content/EngineMaterials/DefaultBloomKernel.uexp" 352
"../../../Engine/Content/EngineDamageTypes/DmgTypeBP_Environmental.uasset" 353
"../../../Engine/Content/EngineDamageTypes/DmgTypeBP_Environmental.uexp" 354
"../../../Engine/Content/EditorResources/S_TriggerSphere.uasset" 355
"../../../Engine/Content/EditorResources/S_TriggerSphere.uexp" 356
"../../../Engine/Content/EditorResources/S_TriggerCapsule.uasset" 357
"../../../Engine/Content/EditorResources/S_TriggerCapsule.uexp" 358
"../../../Engine/Content/EditorResources/S_TriggerBox.uasset" 359
"../../../Engine/Content/EditorResources/S_TriggerBox.uexp" 360
"../../../Engine/Content/EditorResources/S_Trigger.ubulk" 361
"../../../Engine/Content/EditorResources/S_Trigger.uasset" 362
"../../../Engine/Content/EditorResources/S_Trigger.uexp" 363
"../../../Engine/Content/EditorResources/S_Terrain.ubulk" 364
"../../../Engine/Content/EditorResources/S_Terrain.uasset" 365
"../../../Engine/Content/EditorResources/S_Terrain.uexp" 366
"../../../Engine/Content/EditorResources/S_Solver.ubulk" 367
"../../../Engine/Content/EditorResources/S_Solver.uasset" 368
"../../../Engine/Content/EditorResources/S_Solver.uexp" 369
"../../../Engine/Content/EditorResources/S_BoxReflectionCapture.uasset" 370
"../../../Engine/Content/EditorResources/S_BoxReflectionCapture.uexp" 371
"../../../Engine/Content/EditorResources/EmptyActor.uasset" 372
"../../../Engine/Content/EditorResources/EmptyActor.uexp" 373
"../../../Engine/Content/EditorResources/BSPVertex.uasset" 374
"../../../Engine/Content/EditorResources/BSPVertex.uexp" 375
"../../../Engine/Content/EditorResources/BadBlueprintSprite.ubulk" 376
"../../../Engine/Content/EditorResources/BadBlueprintSprite.uasset" 377
"../../../Engine/Content/EditorResources/BadBlueprintSprite.uexp" 378
"../../../Engine/Content/EditorLandscapeResources/DefaultAlphaTexture.uasset" 379
"../../../Engine/Content/EditorLandscapeResources/DefaultAlphaTexture.uexp" 380
"C:/Users/kk459/Desktop/Unreal Projects/cpsc-491-kevin-running-doubledash-game/Senior_Project491/Content/3D_Models/Maya_Lambert1.uasset" 381
"C:/Users/kk459/Desktop/Unreal Projects/cpsc-491-kevin-running-doubledash-game/Senior_Project491/Content/3D_Models/Maya_Lambert1.uexp" 382
"C:/Users/kk459/Desktop/Unreal Projects/cpsc-491-kevin-running-doubledash-game/Senior_Project491/Content/3D_Models/pasted__pCube1.ubulk" 383
"C:/Users/kk459/Desktop/Unreal Projects/cpsc-491-kevin-running-doubledash-game/Senior_Project491/Content/3D_Models/pasted__pCube1.uasset" 384
"C:/Users/kk459/Desktop/Unreal Projects/cpsc-491-kevin-running-doubledash-game/Senior_Project491/Content/3D_Models/pasted__pCube1.uexp" 385
"C:/Users/kk459/Desktop/Unreal Projects/cpsc-491-kevin-running-doubledash-game/Senior_Project491/Content/3D_Models/pasted__pasted__pasted__pasted__pasted__pasted__pasted__Lambert1.uasset" 386
"C:/Users/kk459/Desktop/Unreal Projects/cpsc-491-kevin-running-doubledash-game/Senior_Project491/Content/3D_Models/pasted__pasted__pasted__pasted__pasted__pasted__pasted__Lambert1.uexp" 387
"C:/Users/kk459/Desktop/Unreal Projects/cpsc-491-kevin-running-doubledash-game/Senior_Project491/Content/3D_Models/pasted__pasted__pasted__pasted__pasted__pasted__pasted__pCube1.ubulk" 388
"C:/Users/kk459/Desktop/Unreal Projects/cpsc-491-kevin-running-doubledash-game/Senior_Project491/Content/3D_Models/pasted__pasted__pasted__pasted__pasted__pasted__pasted__pCube1.uasset" 389
"C:/Users/kk459/Desktop/Unreal Projects/cpsc-491-kevin-running-doubledash-game/Senior_Project491/Content/3D_Models/pasted__pasted__pasted__pasted__pasted__pasted__pasted__pCube1.uexp" 390
"C:/Users/kk459/Desktop/Unreal Projects/cpsc-491-kevin-running-doubledash-game/Senior_Project491/Content/3D_Models/Maya_Lambert14.uasset" 391
"C:/Users/kk459/Desktop/Unreal Projects/cpsc-491-kevin-running-doubledash-game/Senior_Project491/Content/3D_Models/Maya_Lambert14.uexp" 392
"C:/Users/kk459/Desktop/Unreal Projects/cpsc-491-kevin-running-doubledash-game/Senior_Project491/Content/3D_Models/pasted__pasted__pasted__pCube1.ubulk" 393
"C:/Users/kk459/Desktop/Unreal Projects/cpsc-491-kevin-running-doubledash-game/Senior_Project491/Content/3D_Models/pasted__pasted__pasted__pCube1.uasset" 394
"C:/Users/kk459/Desktop/Unreal Projects/cpsc-491-kevin-running-doubledash-game/Senior_Project491/Content/3D_Models/pasted__pasted__pasted__pCube1.uexp" 395
"C:/Users/kk459/Desktop/Unreal Projects/cpsc-491-kevin-running-doubledash-game/Senior_Project491/Content/3D_Models/pasted__pasted__pasted__pasted__pasted__pCylinder1.ubulk" 396
"C:/Users/kk459/Desktop/Unreal Projects/cpsc-491-kevin-running-doubledash-game/Senior_Project491/Content/3D_Models/pasted__pasted__pasted__pasted__pasted__pCylinder1.uasset" 397
"C:/Users/kk459/Desktop/Unreal Projects/cpsc-491-kevin-running-doubledash-game/Senior_Project491/Content/3D_Models/pasted__pasted__pasted__pasted__pasted__pCylinder1.uexp" 398
"C:/Users/kk459/Desktop/Unreal Projects/cpsc-491-kevin-running-doubledash-game/Senior_Project491/Content/3D_Models/Maya_Lambert10.uasset" 399
"C:/Users/kk459/Desktop/Unreal Projects/cpsc-491-kevin-running-doubledash-game/Senior_Project491/Content/3D_Models/Maya_Lambert10.uexp" 400
"C:/Users/kk459/Desktop/Unreal Projects/cpsc-491-kevin-running-doubledash-game/Senior_Project491/Content/3D_Models/pasted__pSphere1.ubulk" 401
"C:/Users/kk459/Desktop/Unreal Projects/cpsc-491-kevin-running-doubledash-game/Senior_Project491/Content/3D_Models/pasted__pSphere1.uasset" 402
"C:/Users/kk459/Desktop/Unreal Projects/cpsc-491-kevin-running-doubledash-game/Senior_Project491/Content/3D_Models/pasted__pSphere1.uexp" 403
"C:/Users/kk459/Desktop/Unreal Projects/cpsc-491-kevin-running-doubledash-game/Senior_Project491/Content/3D_Models/Maya_Lambert2.uasset" 404
"C:/Users/kk459/Desktop/Unreal Projects/cpsc-491-kevin-running-doubledash-game/Senior_Project491/Content/3D_Models/Maya_Lambert2.uexp" 405
"C:/Users/kk459/Desktop/Unreal Projects/cpsc-491-kevin-running-doubledash-game/Senior_Project491/Content/3D_Models/pasted__pasted__pCube2.ubulk" 406
"C:/Users/kk459/Desktop/Unreal Projects/cpsc-491-kevin-running-doubledash-game/Senior_Project491/Content/3D_Models/pasted__pasted__pCube2.uasset" 407
"C:/Users/kk459/Desktop/Unreal Projects/cpsc-491-kevin-running-doubledash-game/Senior_Project491/Content/3D_Models/pasted__pasted__pCube2.uexp" 408
"C:/Users/kk459/Desktop/Unreal Projects/cpsc-491-kevin-running-doubledash-game/Senior_Project491/Content/3D_Models/pasted__pasted__pasted__pasted__lambert3.uasset" 409
"C:/Users/kk459/Desktop/Unreal Projects/cpsc-491-kevin-running-doubledash-game/Senior_Project491/Content/3D_Models/pasted__pasted__pasted__pasted__lambert3.uexp" 410
"C:/Users/kk459/Desktop/Unreal Projects/cpsc-491-kevin-running-doubledash-game/Senior_Project491/Content/3D_Models/pasted__pasted__pasted__pasted__pasted__pasted__pCylinder1.ubulk" 411
"C:/Users/kk459/Desktop/Unreal Projects/cpsc-491-kevin-running-doubledash-game/Senior_Project491/Content/3D_Models/pasted__pasted__pasted__pasted__pasted__pasted__pCylinder1.uasset" 412
"C:/Users/kk459/Desktop/Unreal Projects/cpsc-491-kevin-running-doubledash-game/Senior_Project491/Content/3D_Models/pasted__pasted__pasted__pasted__pasted__pasted__pCylinder1.uexp" 413
"C:/Users/kk459/Desktop/Unreal Projects/cpsc-491-kevin-running-doubledash-game/Senior_Project491/Content/3D_Models/Maya_Lambert8.uasset" 414
"C:/Users/kk459/Desktop/Unreal Projects/cpsc-491-kevin-running-doubledash-game/Senior_Project491/Content/3D_Models/Maya_Lambert8.uexp" 415
"C:/Users/kk459/Desktop/Unreal Projects/cpsc-491-kevin-running-doubledash-game/Senior_Project491/Content/3D_Models/pSphere1.ubulk" 416
"C:/Users/kk459/Desktop/Unreal Projects/cpsc-491-kevin-running-doubledash-game/Senior_Project491/Content/3D_Models/pSphere1.uasset" 417
"C:/Users/kk459/Desktop/Unreal Projects/cpsc-491-kevin-running-doubledash-game/Senior_Project491/Content/3D_Models/pSphere1.uexp" 418
"C:/Users/kk459/Desktop/Unreal Projects/cpsc-491-kevin-running-doubledash-game/Senior_Project491/Content/3D_Models/pasted__pasted__pasted__pasted__pasted__pasted__Lambert1.uasset" 419
"C:/Users/kk459/Desktop/Unreal Projects/cpsc-491-kevin-running-doubledash-game/Senior_Project491/Content/3D_Models/pasted__pasted__pasted__pasted__pasted__pasted__Lambert1.uexp" 420
"C:/Users/kk459/Desktop/Unreal Projects/cpsc-491-kevin-running-doubledash-game/Senior_Project491/Content/3D_Models/pasted__pasted__pasted__pasted__pasted__pasted__pCube1.ubulk" 421
"C:/Users/kk459/Desktop/Unreal Projects/cpsc-491-kevin-running-doubledash-game/Senior_Project491/Content/3D_Models/pasted__pasted__pasted__pasted__pasted__pasted__pCube1.uasset" 422
"C:/Users/kk459/Desktop/Unreal Projects/cpsc-491-kevin-running-doubledash-game/Senior_Project491/Content/3D_Models/pasted__pasted__pasted__pasted__pasted__pasted__pCube1.uexp" 423
"C:/Users/kk459/Desktop/Unreal Projects/cpsc-491-kevin-running-doubledash-game/Senior_Project491/Content/3D_Models/Maya_Lambert7.uasset" 424
"C:/Users/kk459/Desktop/Unreal Projects/cpsc-491-kevin-running-doubledash-game/Senior_Project491/Content/3D_Models/Maya_Lambert7.uexp" 425
"C:/Users/kk459/Desktop/Unreal Projects/cpsc-491-kevin-running-doubledash-game/Senior_Project491/Content/3D_Models/pCube1.ubulk" 426
"C:/Users/kk459/Desktop/Unreal Projects/cpsc-491-kevin-running-doubledash-game/Senior_Project491/Content/3D_Models/pCube1.uasset" 427
"C:/Users/kk459/Desktop/Unreal Projects/cpsc-491-kevin-running-doubledash-game/Senior_Project491/Content/3D_Models/pCube1.uexp" 428
"C:/Users/kk459/Desktop/Unreal Projects/cpsc-491-kevin-running-doubledash-game/Senior_Project491/Content/3D_Models/Maya_Lambert15.uasset" 429
"C:/Users/kk459/Desktop/Unreal Projects/cpsc-491-kevin-running-doubledash-game/Senior_Project491/Content/3D_Models/Maya_Lambert15.uexp" 430
"C:/Users/kk459/Desktop/Unreal Projects/cpsc-491-kevin-running-doubledash-game/Senior_Project491/Content/3D_Models/pasted__pasted__pCube128.ubulk" 431
"C:/Users/kk459/Desktop/Unreal Projects/cpsc-491-kevin-running-doubledash-game/Senior_Project491/Content/3D_Models/pasted__pasted__pCube128.uasset" 432
"C:/Users/kk459/Desktop/Unreal Projects/cpsc-491-kevin-running-doubledash-game/Senior_Project491/Content/3D_Models/pasted__pasted__pCube128.uexp" 433
"C:/Users/kk459/Desktop/Unreal Projects/cpsc-491-kevin-running-doubledash-game/Senior_Project491/Content/3D_Models/Maya_Lambert12.uasset" 434
"C:/Users/kk459/Desktop/Unreal Projects/cpsc-491-kevin-running-doubledash-game/Senior_Project491/Content/3D_Models/Maya_Lambert12.uexp" 435
"C:/Users/kk459/Desktop/Unreal Projects/cpsc-491-kevin-running-doubledash-game/Senior_Project491/Content/3D_Models/pasted__pasted__pasted__pCube2.ubulk" 436
"C:/Users/kk459/Desktop/Unreal Projects/cpsc-491-kevin-running-doubledash-game/Senior_Project491/Content/3D_Models/pasted__pasted__pasted__pCube2.uasset" 437
"C:/Users/kk459/Desktop/Unreal Projects/cpsc-491-kevin-running-doubledash-game/Senior_Project491/Content/3D_Models/pasted__pasted__pasted__pCube2.uexp" 438
"C:/Users/kk459/Desktop/Unreal Projects/cpsc-491-kevin-running-doubledash-game/Senior_Project491/Content/3D_Models/pasted__pasted__pasted__pasted__pasted__Lambert1.uasset" 439
"C:/Users/kk459/Desktop/Unreal Projects/cpsc-491-kevin-running-doubledash-game/Senior_Project491/Content/3D_Models/pasted__pasted__pasted__pasted__pasted__Lambert1.uexp" 440
"C:/Users/kk459/Desktop/Unreal Projects/cpsc-491-kevin-running-doubledash-game/Senior_Project491/Content/3D_Models/pasted__pasted__pasted__pasted__pasted__pCube1.ubulk" 441
"C:/Users/kk459/Desktop/Unreal Projects/cpsc-491-kevin-running-doubledash-game/Senior_Project491/Content/3D_Models/pasted__pasted__pasted__pasted__pasted__pCube1.uasset" 442
"C:/Users/kk459/Desktop/Unreal Projects/cpsc-491-kevin-running-doubledash-game/Senior_Project491/Content/3D_Models/pasted__pasted__pasted__pasted__pasted__pCube1.uexp" 443
"C:/Users/kk459/Desktop/Unreal Projects/cpsc-491-kevin-running-doubledash-game/Senior_Project491/Content/3D_Models/pasted__pasted__pCube1.ubulk" 444
"C:/Users/kk459/Desktop/Unreal Projects/cpsc-491-kevin-running-doubledash-game/Senior_Project491/Content/3D_Models/pasted__pasted__pCube1.uasset" 445
"C:/Users/kk459/Desktop/Unreal Projects/cpsc-491-kevin-running-doubledash-game/Senior_Project491/Content/3D_Models/pasted__pasted__pCube1.uexp" 446
"C:/Users/kk459/Desktop/Unreal Projects/cpsc-491-kevin-running-doubledash-game/Senior_Project491/Content/3D_Models/Maya_Lambert9.uasset" 447
"C:/Users/kk459/Desktop/Unreal Projects/cpsc-491-kevin-running-doubledash-game/Senior_Project491/Content/3D_Models/Maya_Lambert9.uexp" 448
"C:/Users/kk459/Desktop/Unreal Projects/cpsc-491-kevin-running-doubledash-game/Senior_Project491/Content/3D_Models/pCube5.ubulk" 449
"C:/Users/kk459/Desktop/Unreal Projects/cpsc-491-kevin-running-doubledash-game/Senior_Project491/Content/3D_Models/pCube5.uasset" 450
"C:/Users/kk459/Desktop/Unreal Projects/cpsc-491-kevin-running-doubledash-game/Senior_Project491/Content/3D_Models/pCube5.uexp" 451
"C:/Users/kk459/Desktop/Unreal Projects/cpsc-491-kevin-running-doubledash-game/Senior_Project491/Content/3D_Models/pasted__pasted__pasted__pasted__lambert4.uasset" 452
"C:/Users/kk459/Desktop/Unreal Projects/cpsc-491-kevin-running-doubledash-game/Senior_Project491/Content/3D_Models/pasted__pasted__pasted__pasted__lambert4.uexp" 453
"C:/Users/kk459/Desktop/Unreal Projects/cpsc-491-kevin-running-doubledash-game/Senior_Project491/Content/3D_Models/pasted__pasted__pasted__pasted__pasted__pasted__pCylinder119.ubulk" 454
"C:/Users/kk459/Desktop/Unreal Projects/cpsc-491-kevin-running-doubledash-game/Senior_Project491/Content/3D_Models/pasted__pasted__pasted__pasted__pasted__pasted__pCylinder119.uasset" 455
"C:/Users/kk459/Desktop/Unreal Projects/cpsc-491-kevin-running-doubledash-game/Senior_Project491/Content/3D_Models/pasted__pasted__pasted__pasted__pasted__pasted__pCylinder119.uexp" 456
"C:/Users/kk459/Desktop/Unreal Projects/cpsc-491-kevin-running-doubledash-game/Senior_Project491/Content/3D_Models/Maya_Lambert11.uasset" 457
"C:/Users/kk459/Desktop/Unreal Projects/cpsc-491-kevin-running-doubledash-game/Senior_Project491/Content/3D_Models/Maya_Lambert11.uexp" 458
"C:/Users/kk459/Desktop/Unreal Projects/cpsc-491-kevin-running-doubledash-game/Senior_Project491/Content/3D_Models/pasted__pasted__pasted__pCube3.ubulk" 459
"C:/Users/kk459/Desktop/Unreal Projects/cpsc-491-kevin-running-doubledash-game/Senior_Project491/Content/3D_Models/pasted__pasted__pasted__pCube3.uasset" 460
"C:/Users/kk459/Desktop/Unreal Projects/cpsc-491-kevin-running-doubledash-game/Senior_Project491/Content/3D_Models/pasted__pasted__pasted__pCube3.uexp" 461
"C:/Users/kk459/Desktop/Unreal Projects/cpsc-491-kevin-running-doubledash-game/Senior_Project491/Content/3D_Models/pasted__pasted__pCube3.ubulk" 462
"C:/Users/kk459/Desktop/Unreal Projects/cpsc-491-kevin-running-doubledash-game/Senior_Project491/Content/3D_Models/pasted__pasted__pCube3.uasset" 463
"C:/Users/kk459/Desktop/Unreal Projects/cpsc-491-kevin-running-doubledash-game/Senior_Project491/Content/3D_Models/pasted__pasted__pCube3.uexp" 464
"C:/Users/kk459/Desktop/Unreal Projects/cpsc-491-kevin-running-doubledash-game/Senior_Project491/Content/3D_Models/FbxScene_Race_Track_1.uasset" 465
"C:/Users/kk459/Desktop/Unreal Projects/cpsc-491-kevin-running-doubledash-game/Senior_Project491/Content/3D_Models/FbxScene_Race_Track_1.uexp" 466
"../../../Engine/Plugins/Runtime/AudioWidgets/Content/Resources/ScrubHandleDown_Clamped.uasset" 467
"../../../Engine/Plugins/Runtime/AudioWidgets/Content/Resources/ScrubHandleDown_Clamped.uexp" 468
"../../../Engine/Content/EngineResources/FilmGrains/Marcie_Grain_v3_128_M2_000.uasset" 469
"../../../Engine/Content/EngineResources/FilmGrains/Marcie_Grain_v3_128_M2_000.uexp" 470
"../../../Engine/Content/EngineMaterials/LTC/Sheen_LTC.uasset" 471
"../../../Engine/Content/EngineMaterials/LTC/Sheen_LTC.uexp" 472
"../../../Engine/Content/EngineMaterials/LTC/GGX_LTCMat.uasset" 473
"../../../Engine/Content/EngineMaterials/LTC/GGX_LTCMat.uexp" 474
"../../../Engine/Content/EngineMaterials/LTC/GGX_LTCAmp.uasset" 475
"../../../Engine/Content/EngineMaterials/LTC/GGX_LTCAmp.uexp" 476
"../../../Engine/Content/EngineMaterials/EnergyConservation/Sheen_Energy.uasset" 477
"../../../Engine/Content/EngineMaterials/EnergyConservation/Sheen_Energy.uexp" 478
"../../../Engine/Content/EngineMaterials/EnergyConservation/SheenLegacy_Energy.uasset" 479
"../../../Engine/Content/EngineMaterials/EnergyConservation/SheenLegacy_Energy.uexp" 480
"../../../Engine/Content/EngineMaterials/EnergyConservation/GGX_TransmissionEnergyArray.uasset" 481
"../../../Engine/Content/EngineMaterials/EnergyConservation/GGX_TransmissionEnergyArray.uexp" 482
"../../../Engine/Content/EngineMaterials/EnergyConservation/GGX_ReflectionEnergy.uasset" 483
"../../../Engine/Content/EngineMaterials/EnergyConservation/GGX_ReflectionEnergy.uexp" 484
"../../../Engine/Content/EngineMaterials/EnergyConservation/Diffuse_Energy.uasset" 485
"../../../Engine/Content/EngineMaterials/EnergyConservation/Diffuse_Energy.uexp" 486
"../../../Engine/Content/EditorResources/SequenceRecorder/RecordingIndicator.uasset" 487
"../../../Engine/Content/EditorResources/SequenceRecorder/RecordingIndicator.uexp" 488
"../../../Engine/Content/EditorResources/SequenceRecorder/Countdown.uasset" 489
"../../../Engine/Content/EditorResources/SequenceRecorder/Countdown.uexp" 490
"../../../Engine/Content/EditorMaterials/ParticleSystems/PSysThumbnail_OOD.ubulk" 491
"../../../Engine/Content/EditorMaterials/ParticleSystems/PSysThumbnail_OOD.uasset" 492
"../../../Engine/Content/EditorMaterials/ParticleSystems/PSysThumbnail_OOD.uexp" 493
"../../../Engine/Content/EditorMaterials/ParticleSystems/PSysThumbnail_NoImage.ubulk" 494
"../../../Engine/Content/EditorMaterials/ParticleSystems/PSysThumbnail_NoImage.uasset" 495
"../../../Engine/Content/EditorMaterials/ParticleSystems/PSysThumbnail_NoImage.uexp" 496
"../../../Engine/Content/EngineResources/DefaultTextureCube.uasset" 497
"../../../Engine/Content/EngineResources/DefaultTextureCube.uexp" 498
"../../../Engine/Content/EngineResources/DefaultVolumeTexture2D.uasset" 499
"../../../Engine/Content/EngineResources/DefaultVolumeTexture2D.uexp" 500
"../../../Engine/Content/EngineResources/DefaultVolumeTexture.uasset" 501
"../../../Engine/Content/EngineResources/DefaultVolumeTexture.uexp" 502
"../../../Engine/Content/Functions/Engine_MaterialFunctions01/Shading/PowerToRoughness.uasset" 503
"../../../Engine/Content/Functions/Engine_MaterialFunctions01/Shading/PowerToRoughness.uexp" 504
"../../../Engine/Content/Functions/Engine_MaterialFunctions01/Shading/ConvertFromDiffSpec.uasset" 505
"../../../Engine/Content/Functions/Engine_MaterialFunctions01/Shading/ConvertFromDiffSpec.uexp" 506
"../../../Engine/Content/EngineMaterials/Substrate/Volume/SubstrateSimpleVolumeLUT3D.uasset" 507
"../../../Engine/Content/EngineMaterials/Substrate/Volume/SubstrateSimpleVolumeLUT3D.uexp" 508
"../../../Engine/Content/EngineMaterials/Substrate/Volume/SubstrateSimpleVolumeEnvLUT3D.uasset" 509
"../../../Engine/Content/EngineMaterials/Substrate/Volume/SubstrateSimpleVolumeEnvLUT3D.uexp" 510
"../../../Engine/Content/EditorMaterials/Dataflow/DataflowTwoSidedVertexMaterial.uasset" 511
"../../../Engine/Content/EditorMaterials/Dataflow/DataflowTwoSidedVertexMaterial.uexp" 512
"../../../Engine/Content/EditorMaterials/Dataflow/DataflowVertexMaterial.uasset" 513
"../../../Engine/Content/EditorMaterials/Dataflow/DataflowVertexMaterial.uexp" 514
"../../../Engine/Content/EngineMaterials/BlendFunc_DefBlend.uasset" 515
"../../../Engine/Content/EngineMaterials/BlendFunc_DefBlend.uexp" 516
"../../../Engine/Content/OpenWorldTemplate/LandscapeMaterial/T_GridChecker_A.ubulk" 517
"../../../Engine/Content/OpenWorldTemplate/LandscapeMaterial/T_GridChecker_A.uasset" 518
"../../../Engine/Content/OpenWorldTemplate/LandscapeMaterial/T_GridChecker_A.uexp" 519
"../../../Engine/Content/EngineMaterials/BlendFunc_DefBase.uasset" 520
"../../../Engine/Content/EngineMaterials/BlendFunc_DefBase.uexp" 521
"../../../Engine/Content/Functions/Engine_MaterialFunctions03/Blends/Blend_Overlay.uasset" 522
"../../../Engine/Content/Functions/Engine_MaterialFunctions03/Blends/Blend_Overlay.uexp" 523
"../../../Engine/Content/Functions/Engine_MaterialFunctions02/Utility/MakeFloat3.uasset" 524
"../../../Engine/Content/Functions/Engine_MaterialFunctions02/Utility/MakeFloat3.uexp" 525
"../../../Engine/Content/Functions/Engine_MaterialFunctions01/Gradient/LinearGradient.uasset" 526
"../../../Engine/Content/Functions/Engine_MaterialFunctions01/Gradient/LinearGradient.uexp" 527
"../../../Engine/Content/Functions/Engine_MaterialFunctions01/ImageAdjustment/CheapContrast.uasset" 528
"../../../Engine/Content/Functions/Engine_MaterialFunctions01/ImageAdjustment/CheapContrast.uexp" 529
"../../../Engine/Content/Functions/Engine_MaterialFunctions02/Utility/BreakOutFloat3Components.uasset" 530
"../../../Engine/Content/Functions/Engine_MaterialFunctions02/Utility/BreakOutFloat3Components.uexp" 531
"../../../Engine/Content/OpenWorldTemplate/LandscapeMaterial/MF_ProcGrid.uasset" 532
"../../../Engine/Content/OpenWorldTemplate/LandscapeMaterial/MF_ProcGrid.uexp" 533
"../../../Engine/Content/OpenWorldTemplate/LandscapeMaterial/M_ProcGrid.uasset" 534
"../../../Engine/Content/OpenWorldTemplate/LandscapeMaterial/M_ProcGrid.uexp" 535
"C:/Users/kk459/Desktop/Unreal Projects/cpsc-491-kevin-running-doubledash-game/Senior_Project491/Content/StarterContent/Textures/T_Ceramic_Tile_M.ubulk" 536
"C:/Users/kk459/Desktop/Unreal Projects/cpsc-491-kevin-running-doubledash-game/Senior_Project491/Content/StarterContent/Textures/T_Ceramic_Tile_M.uasset" 537
"C:/Users/kk459/Desktop/Unreal Projects/cpsc-491-kevin-running-doubledash-game/Senior_Project491/Content/StarterContent/Textures/T_Ceramic_Tile_M.uexp" 538
"C:/Users/kk459/Desktop/Unreal Projects/cpsc-491-kevin-running-doubledash-game/Senior_Project491/Content/StarterContent/Textures/T_Rock_Marble_Polished_D.ubulk" 539
"C:/Users/kk459/Desktop/Unreal Projects/cpsc-491-kevin-running-doubledash-game/Senior_Project491/Content/StarterContent/Textures/T_Rock_Marble_Polished_D.uasset" 540
"C:/Users/kk459/Desktop/Unreal Projects/cpsc-491-kevin-running-doubledash-game/Senior_Project491/Content/StarterContent/Textures/T_Rock_Marble_Polished_D.uexp" 541
"C:/Users/kk459/Desktop/Unreal Projects/cpsc-491-kevin-running-doubledash-game/Senior_Project491/Content/StarterContent/Textures/T_Ceramic_Tile_N.ubulk" 542
"C:/Users/kk459/Desktop/Unreal Projects/cpsc-491-kevin-running-doubledash-game/Senior_Project491/Content/StarterContent/Textures/T_Ceramic_Tile_N.uasset" 543
"C:/Users/kk459/Desktop/Unreal Projects/cpsc-491-kevin-running-doubledash-game/Senior_Project491/Content/StarterContent/Textures/T_Ceramic_Tile_N.uexp" 544
"C:/Users/kk459/Desktop/Unreal Projects/cpsc-491-kevin-running-doubledash-game/Senior_Project491/Content/StarterContent/Textures/T_Perlin_Noise_M.ubulk" 545
"C:/Users/kk459/Desktop/Unreal Projects/cpsc-491-kevin-running-doubledash-game/Senior_Project491/Content/StarterContent/Textures/T_Perlin_Noise_M.uasset" 546
"C:/Users/kk459/Desktop/Unreal Projects/cpsc-491-kevin-running-doubledash-game/Senior_Project491/Content/StarterContent/Textures/T_Perlin_Noise_M.uexp" 547
"C:/Users/kk459/Desktop/Unreal Projects/cpsc-491-kevin-running-doubledash-game/Senior_Project491/Content/StarterContent/Materials/M_Ceramic_Tile_Checker.uasset" 548
"C:/Users/kk459/Desktop/Unreal Projects/cpsc-491-kevin-running-doubledash-game/Senior_Project491/Content/StarterContent/Materials/M_Ceramic_Tile_Checker.uexp" 549
"C:/Users/kk459/Desktop/Unreal Projects/cpsc-491-kevin-running-doubledash-game/Senior_Project491/Content/StarterContent/Textures/T_Ground_Grass_D.ubulk" 550
"C:/Users/kk459/Desktop/Unreal Projects/cpsc-491-kevin-running-doubledash-game/Senior_Project491/Content/StarterContent/Textures/T_Ground_Grass_D.uasset" 551
"C:/Users/kk459/Desktop/Unreal Projects/cpsc-491-kevin-running-doubledash-game/Senior_Project491/Content/StarterContent/Textures/T_Ground_Grass_D.uexp" 552
"C:/Users/kk459/Desktop/Unreal Projects/cpsc-491-kevin-running-doubledash-game/Senior_Project491/Content/StarterContent/Textures/T_Ground_Grass_N.ubulk" 553
"C:/Users/kk459/Desktop/Unreal Projects/cpsc-491-kevin-running-doubledash-game/Senior_Project491/Content/StarterContent/Textures/T_Ground_Grass_N.uasset" 554
"C:/Users/kk459/Desktop/Unreal Projects/cpsc-491-kevin-running-doubledash-game/Senior_Project491/Content/StarterContent/Textures/T_Ground_Grass_N.uexp" 555
"C:/Users/kk459/Desktop/Unreal Projects/cpsc-491-kevin-running-doubledash-game/Senior_Project491/Content/StarterContent/Textures/T_MacroVariation.uasset" 556
"C:/Users/kk459/Desktop/Unreal Projects/cpsc-491-kevin-running-doubledash-game/Senior_Project491/Content/StarterContent/Textures/T_MacroVariation.uexp" 557
"C:/Users/kk459/Desktop/Unreal Projects/cpsc-491-kevin-running-doubledash-game/Senior_Project491/Content/StarterContent/Materials/M_Ground_Grass.uasset" 558
"C:/Users/kk459/Desktop/Unreal Projects/cpsc-491-kevin-running-doubledash-game/Senior_Project491/Content/StarterContent/Materials/M_Ground_Grass.uexp" 559
"C:/Users/kk459/Desktop/Unreal Projects/cpsc-491-kevin-running-doubledash-game/Senior_Project491/Content/StarterContent/Textures/T_Wood_Walnut_N.ubulk" 560
"C:/Users/kk459/Desktop/Unreal Projects/cpsc-491-kevin-running-doubledash-game/Senior_Project491/Content/StarterContent/Textures/T_Wood_Walnut_N.uasset" 561
"C:/Users/kk459/Desktop/Unreal Projects/cpsc-491-kevin-running-doubledash-game/Senior_Project491/Content/StarterContent/Textures/T_Wood_Walnut_N.uexp" 562
"C:/Users/kk459/Desktop/Unreal Projects/cpsc-491-kevin-running-doubledash-game/Senior_Project491/Content/StarterContent/Textures/T_Wood_Walnut_D.ubulk" 563
"C:/Users/kk459/Desktop/Unreal Projects/cpsc-491-kevin-running-doubledash-game/Senior_Project491/Content/StarterContent/Textures/T_Wood_Walnut_D.uasset" 564
"C:/Users/kk459/Desktop/Unreal Projects/cpsc-491-kevin-running-doubledash-game/Senior_Project491/Content/StarterContent/Textures/T_Wood_Walnut_D.uexp" 565
"C:/Users/kk459/Desktop/Unreal Projects/cpsc-491-kevin-running-doubledash-game/Senior_Project491/Content/StarterContent/Materials/M_Wood_Walnut.uasset" 566
"C:/Users/kk459/Desktop/Unreal Projects/cpsc-491-kevin-running-doubledash-game/Senior_Project491/Content/StarterContent/Materials/M_Wood_Walnut.uexp" 567
"../../../Engine/Content/EngineSky/M_SimpleSkyDome.uasset" 568
"../../../Engine/Content/EngineSky/M_SimpleSkyDome.uexp" 569
"../../../Engine/Plugins/Animation/ControlRig/Content/Controls/ControlRigGizmoMaterial.uasset" 570
"../../../Engine/Plugins/Animation/ControlRig/Content/Controls/ControlRigGizmoMaterial.uexp" 571
"../../../Engine/Plugins/Animation/ControlRig/Content/Controls/ControlRigXRayMaterial.uasset" 572
"../../../Engine/Plugins/Animation/ControlRig/Content/Controls/ControlRigXRayMaterial.uexp" 573
"../../../Engine/Plugins/Editor/SpeedTreeImporter/Content/SpeedTree9/game_wind_noise.ubulk" 574
"../../../Engine/Plugins/Editor/SpeedTreeImporter/Content/SpeedTree9/game_wind_noise.uasset" 575
"../../../Engine/Plugins/Editor/SpeedTreeImporter/Content/SpeedTree9/game_wind_noise.uexp" 576
"../../../Engine/Plugins/Editor/SpeedTreeImporter/Content/SpeedTree9/UnpackDirection.uasset" 577
"../../../Engine/Plugins/Editor/SpeedTreeImporter/Content/SpeedTree9/UnpackDirection.uexp" 578
"../../../Engine/Content/Functions/Engine_MaterialFunctions02/ObjectLocalBounds.uasset" 579
"../../../Engine/Content/Functions/Engine_MaterialFunctions02/ObjectLocalBounds.uexp" 580
"../../../Engine/Content/Functions/Engine_MaterialFunctions02/UVs/BoundingBoxBased_0-1_UVW.uasset" 581
"../../../Engine/Content/Functions/Engine_MaterialFunctions02/UVs/BoundingBoxBased_0-1_UVW.uexp" 582
"../../../Engine/Plugins/Editor/SpeedTreeImporter/Content/SpeedTree9/SpeedTreeBillboard.uasset" 583
"../../../Engine/Plugins/Editor/SpeedTreeImporter/Content/SpeedTree9/SpeedTreeBillboard.uexp" 584
"../../../Engine/Content/Functions/Engine_MaterialFunctions02/Utility/VectorLength.uasset" 585
"../../../Engine/Content/Functions/Engine_MaterialFunctions02/Utility/VectorLength.uexp" 586
"../../../Engine/Plugins/Editor/SpeedTreeImporter/Content/SpeedTree9/UnpackInteger3.uasset" 587
"../../../Engine/Plugins/Editor/SpeedTreeImporter/Content/SpeedTree9/UnpackInteger3.uexp" 588
"../../../Engine/Content/Functions/Engine_MaterialFunctions02/WorldPositionOffset/ObjectScale.uasset" 589
"../../../Engine/Content/Functions/Engine_MaterialFunctions02/WorldPositionOffset/ObjectScale.uexp" 590
"../../../Engine/Content/Functions/Engine_MaterialFunctions02/SafeNormalize.uasset" 591
"../../../Engine/Content/Functions/Engine_MaterialFunctions02/SafeNormalize.uexp" 592
"../../../Engine/Plugins/Editor/SpeedTreeImporter/Content/SpeedTree9/SpeedTreeWindMotion.uasset" 593
"../../../Engine/Plugins/Editor/SpeedTreeImporter/Content/SpeedTree9/SpeedTreeWindMotion.uexp" 594
"../../../Engine/Plugins/Editor/SpeedTreeImporter/Content/SpeedTree9/SpeedTreeBranchMotion.uasset" 595
"../../../Engine/Plugins/Editor/SpeedTreeImporter/Content/SpeedTree9/SpeedTreeBranchMotion.uexp" 596
"../../../Engine/Plugins/Editor/SpeedTreeImporter/Content/SpeedTree9/SpeedTreeWind.uasset" 597
"../../../Engine/Plugins/Editor/SpeedTreeImporter/Content/SpeedTree9/SpeedTreeWind.uexp" 598
"../../../Engine/Plugins/Editor/SpeedTreeImporter/Content/SpeedTree9/EmptyNormal.uasset" 599
"../../../Engine/Plugins/Editor/SpeedTreeImporter/Content/SpeedTree9/EmptyNormal.uexp" 600
"../../../Engine/Plugins/Editor/SpeedTreeImporter/Content/SpeedTree9/Empty.uasset" 601
"../../../Engine/Plugins/Editor/SpeedTreeImporter/Content/SpeedTree9/Empty.uexp" 602
"../../../Engine/Plugins/Editor/SpeedTreeImporter/Content/SpeedTree9/SpeedTreeBillboardMaster.uasset" 603
"../../../Engine/Plugins/Editor/SpeedTreeImporter/Content/SpeedTree9/SpeedTreeBillboardMaster.uexp" 604
"../../../Engine/Plugins/Editor/SpeedTreeImporter/Content/SpeedTree9/SpeedTreeCameraFacing.uasset" 605
"../../../Engine/Plugins/Editor/SpeedTreeImporter/Content/SpeedTree9/SpeedTreeCameraFacing.uexp" 606
"../../../Engine/Plugins/Editor/SpeedTreeImporter/Content/SpeedTree9/SpeedTreeMaster.uasset" 607
"../../../Engine/Plugins/Editor/SpeedTreeImporter/Content/SpeedTree9/SpeedTreeMaster.uexp" 608
"../../../Engine/Plugins/Interchange/Assets/Content/Functions/MX_AbsorptionVDF.uasset" 609
"../../../Engine/Plugins/Interchange/Assets/Content/Functions/MX_AbsorptionVDF.uexp" 610
"../../../Engine/Plugins/Interchange/Assets/Content/Functions/MX_AnisotropicVDF.uasset" 611
"../../../Engine/Plugins/Interchange/Assets/Content/Functions/MX_AnisotropicVDF.uexp" 612
"../../../Engine/Plugins/Interchange/Assets/Content/Functions/MX_BurleyDiffuseBSDF.uasset" 613
"../../../Engine/Plugins/Interchange/Assets/Content/Functions/MX_BurleyDiffuseBSDF.uexp" 614
"../../../Engine/Plugins/Interchange/Assets/Content/Functions/MX_ConductorBSDF.uasset" 615
"../../../Engine/Plugins/Interchange/Assets/Content/Functions/MX_ConductorBSDF.uexp" 616
"../../../Engine/Plugins/Interchange/Assets/Content/Functions/MX_ConicalEDF.uasset" 617
"../../../Engine/Plugins/Interchange/Assets/Content/Functions/MX_ConicalEDF.uexp" 618
"../../../Engine/Plugins/Interchange/Assets/Content/Functions/MX_DielectricBSDF.uasset" 619
"../../../Engine/Plugins/Interchange/Assets/Content/Functions/MX_DielectricBSDF.uexp" 620
"../../../Engine/Plugins/Interchange/Assets/Content/Functions/MX_GeneralizedSchlickBSDF.uasset" 621
"../../../Engine/Plugins/Interchange/Assets/Content/Functions/MX_GeneralizedSchlickBSDF.uexp" 622
"../../../Engine/Plugins/Interchange/Assets/Content/Functions/MX_MeasuredEDF.uasset" 623
"../../../Engine/Plugins/Interchange/Assets/Content/Functions/MX_MeasuredEDF.uexp" 624
"../../../Engine/Plugins/Interchange/Assets/Content/Utilities/New_LUT.uasset" 625
"../../../Engine/Plugins/Interchange/Assets/Content/Utilities/New_LUT.uexp" 626
"../../../Engine/Content/Functions/Engine_MaterialFunctions03/Math/RemapValueRange.uasset" 627
"../../../Engine/Content/Functions/Engine_MaterialFunctions03/Math/RemapValueRange.uexp" 628
"../../../Engine/Plugins/Interchange/Assets/Content/Functions/MF_Iridescence.uasset" 629
"../../../Engine/Plugins/Interchange/Assets/Content/Functions/MF_Iridescence.uexp" 630
"../../../Engine/Plugins/Interchange/Assets/Content/Functions/MX_StandardSurface.uasset" 631
"../../../Engine/Plugins/Interchange/Assets/Content/Functions/MX_StandardSurface.uexp" 632
"../../../Engine/Plugins/Interchange/Assets/Content/Functions/MX_OpenPBR_Opaque.uasset" 633
"../../../Engine/Plugins/Interchange/Assets/Content/Functions/MX_OpenPBR_Opaque.uexp" 634
"../../../Engine/Plugins/Interchange/Assets/Content/Functions/MX_TransmissionSurface.uasset" 635
"../../../Engine/Plugins/Interchange/Assets/Content/Functions/MX_TransmissionSurface.uexp" 636
"../../../Engine/Plugins/Interchange/Assets/Content/Functions/MX_OpenPBR_Translucent.uasset" 637
"../../../Engine/Plugins/Interchange/Assets/Content/Functions/MX_OpenPBR_Translucent.uexp" 638
"../../../Engine/Plugins/Interchange/Assets/Content/Functions/MX_OrenNayarBSDF.uasset" 639
"../../../Engine/Plugins/Interchange/Assets/Content/Functions/MX_OrenNayarBSDF.uexp" 640
"../../../Engine/Plugins/Interchange/Assets/Content/Functions/MX_SheenBSDF.uasset" 641
"../../../Engine/Plugins/Interchange/Assets/Content/Functions/MX_SheenBSDF.uexp" 642
"../../../Engine/Plugins/Interchange/Assets/Content/Functions/MX_SubsurfaceBSDF.uasset" 643
"../../../Engine/Plugins/Interchange/Assets/Content/Functions/MX_SubsurfaceBSDF.uexp" 644
"../../../Engine/Plugins/Interchange/Assets/Content/Functions/MX_Surface.uasset" 645
"../../../Engine/Plugins/Interchange/Assets/Content/Functions/MX_Surface.uexp" 646
"../../../Engine/Plugins/Interchange/Assets/Content/Functions/MX_SurfaceUnlit.uasset" 647
"../../../Engine/Plugins/Interchange/Assets/Content/Functions/MX_SurfaceUnlit.uexp" 648
"../../../Engine/Plugins/Interchange/Assets/Content/Functions/MX_ThinFilmBSDF.uasset" 649
"../../../Engine/Plugins/Interchange/Assets/Content/Functions/MX_ThinFilmBSDF.uexp" 650
"../../../Engine/Plugins/Interchange/Assets/Content/Functions/MX_TranslucentBSDF.uasset" 651
"../../../Engine/Plugins/Interchange/Assets/Content/Functions/MX_TranslucentBSDF.uexp" 652
"../../../Engine/Plugins/Interchange/Assets/Content/Functions/MX_UniformEDF.uasset" 653
"../../../Engine/Plugins/Interchange/Assets/Content/Functions/MX_UniformEDF.uexp" 654
"../../../Engine/Plugins/Interchange/Assets/Content/Functions/MX_UsdPreviewSurface.uasset" 655
"../../../Engine/Plugins/Interchange/Assets/Content/Functions/MX_UsdPreviewSurface.uexp" 656
"../../../Engine/Plugins/Runtime/HairStrands/Content/Materials/HairCardsDefaultMaterial.uasset" 657
"../../../Engine/Plugins/Runtime/HairStrands/Content/Materials/HairCardsDefaultMaterial.uexp" 658
"../../../Engine/Plugins/Runtime/HairStrands/Content/Materials/HairGroupColors.uasset" 659
"../../../Engine/Plugins/Runtime/HairStrands/Content/Materials/HairGroupColors.uexp" 660
"../../../Engine/Content/Functions/Engine_MaterialFunctions02/Utility/MakeFloat2.uasset" 661
"../../../Engine/Content/Functions/Engine_MaterialFunctions02/Utility/MakeFloat2.uexp" 662
"../../../Engine/Content/EngineMaterials/HairColorMap.uasset" 663
"../../../Engine/Content/EngineMaterials/HairColorMap.uexp" 664
"../../../Engine/Content/EngineMaterials/HairDebugColor.uasset" 665
"../../../Engine/Content/EngineMaterials/HairDebugColor.uexp" 666
"../../../Engine/Plugins/Runtime/HairStrands/Content/Materials/HairDebugMaterial.uasset" 667
"../../../Engine/Plugins/Runtime/HairStrands/Content/Materials/HairDebugMaterial.uexp" 668
"../../../Engine/Plugins/Runtime/HairStrands/Content/Materials/HairDefaultMaterial.uasset" 669
"../../../Engine/Plugins/Runtime/HairStrands/Content/Materials/HairDefaultMaterial.uexp" 670
"../../../Engine/Plugins/Runtime/HairStrands/Content/Materials/HairMeshesDefaultMaterial.uasset" 671
"../../../Engine/Plugins/Runtime/HairStrands/Content/Materials/HairMeshesDefaultMaterial.uexp" 672
"../../../Engine/Plugins/Runtime/MeshModelingToolset/Content/Materials/M_DynamicMeshComponentVtxColor.uasset" 673
"../../../Engine/Plugins/Runtime/MeshModelingToolset/Content/Materials/M_DynamicMeshComponentVtxColor.uexp" 674
"C:/Users/kk459/Desktop/Unreal Projects/cpsc-491-kevin-running-doubledash-game/Senior_Project491/Content/RaceTrack2Elements/pasted__lambert6.uasset" 675
"C:/Users/kk459/Desktop/Unreal Projects/cpsc-491-kevin-running-doubledash-game/Senior_Project491/Content/RaceTrack2Elements/pasted__lambert6.uexp" 676
"C:/Users/kk459/Desktop/Unreal Projects/cpsc-491-kevin-running-doubledash-game/Senior_Project491/Content/RaceTrack2Elements/pasted__pasted__pasted__pasted__pasted__lambert10.uasset" 677
"C:/Users/kk459/Desktop/Unreal Projects/cpsc-491-kevin-running-doubledash-game/Senior_Project491/Content/RaceTrack2Elements/pasted__pasted__pasted__pasted__pasted__lambert10.uexp" 678
"C:/Users/kk459/Desktop/Unreal Projects/cpsc-491-kevin-running-doubledash-game/Senior_Project491/Content/RaceTrack2Elements/pasted__pasted__pasted__pasted__pasted__lambert6.uasset" 679
"C:/Users/kk459/Desktop/Unreal Projects/cpsc-491-kevin-running-doubledash-game/Senior_Project491/Content/RaceTrack2Elements/pasted__pasted__pasted__pasted__pasted__lambert6.uexp" 680
"C:/Users/kk459/Desktop/Unreal Projects/cpsc-491-kevin-running-doubledash-game/Senior_Project491/Content/RaceTrack2Elements/pasted__pasted__pasted__pasted__pasted__lambert7.uasset" 681
"C:/Users/kk459/Desktop/Unreal Projects/cpsc-491-kevin-running-doubledash-game/Senior_Project491/Content/RaceTrack2Elements/pasted__pasted__pasted__pasted__pasted__lambert7.uexp" 682
"C:/Users/kk459/Desktop/Unreal Projects/cpsc-491-kevin-running-doubledash-game/Senior_Project491/Content/RaceTrack2Elements/pasted__pasted__pasted__pasted__pasted__lambert9.uasset" 683
"C:/Users/kk459/Desktop/Unreal Projects/cpsc-491-kevin-running-doubledash-game/Senior_Project491/Content/RaceTrack2Elements/pasted__pasted__pasted__pasted__pasted__lambert9.uexp" 684
"../../../Engine/Content/EditorMaterials/PhAT_NoCollisionMaterial.uasset" 685
"../../../Engine/Content/EditorMaterials/PhAT_NoCollisionMaterial.uexp" 686
"../../../Engine/Content/EditorMaterials/PhAT_UnselectedMaterial.uasset" 687
"../../../Engine/Content/EditorMaterials/PhAT_UnselectedMaterial.uexp" 688
"../../../Engine/Content/EditorMaterials/PreviewShadowIndicator.ubulk" 689
"../../../Engine/Content/EditorMaterials/PreviewShadowIndicator.uasset" 690
"../../../Engine/Content/EditorMaterials/PreviewShadowIndicator.uexp" 691
"../../../Engine/Content/EditorMaterials/PreviewShadowIndicatorMaterial.uasset" 692
"../../../Engine/Content/EditorMaterials/PreviewShadowIndicatorMaterial.uexp" 693
"../../../Engine/Content/EngineDebugMaterials/DebugEditorMaterial.uasset" 694
"../../../Engine/Content/EngineDebugMaterials/DebugEditorMaterial.uexp" 695
"../../../Engine/Content/EngineDebugMaterials/DebugMeshMaterial.uasset" 696
"../../../Engine/Content/EngineDebugMaterials/DebugMeshMaterial.uexp" 697
"../../../Engine/Content/EngineDebugMaterials/M_SimpleUnlitTranslucent.uasset" 698
"../../../Engine/Content/EngineDebugMaterials/M_SimpleUnlitTranslucent.uexp" 699
"../../../Engine/Content/Functions/Engine_MaterialFunctions02/Utility/CameraDirectionVector.uasset" 700
"../../../Engine/Content/Functions/Engine_MaterialFunctions02/Utility/CameraDirectionVector.uexp" 701
"../../../Engine/Content/EngineDebugMaterials/VolumeToRender.uasset" 702
"../../../Engine/Content/EngineDebugMaterials/VolumeToRender.uexp" 703
"../../../Engine/Content/EngineDebugMaterials/M_VolumeRenderSphereTracePP.uasset" 704
"../../../Engine/Content/EngineDebugMaterials/M_VolumeRenderSphereTracePP.uexp" 705
"../../../Engine/Content/EngineMaterials/DefaultDiffuse.ubulk" 706
"../../../Engine/Content/EngineMaterials/DefaultDiffuse.uasset" 707
"../../../Engine/Content/EngineMaterials/DefaultDiffuse.uexp" 708
"../../../Engine/Content/EngineMaterials/DefaultDeferredDecalMaterial.uasset" 709
"../../../Engine/Content/EngineMaterials/DefaultDeferredDecalMaterial.uexp" 710
"../../../Engine/Content/EngineMaterials/DefaultLightFunctionMaterial.uasset" 711
"../../../Engine/Content/EngineMaterials/DefaultLightFunctionMaterial.uexp" 712
"../../../Engine/Content/EngineMaterials/DefaultPostProcessMaterial.uasset" 713
"../../../Engine/Content/EngineMaterials/DefaultPostProcessMaterial.uexp" 714
"../../../Engine/Content/EngineFonts/RobotoDistanceField.uasset" 715
"../../../Engine/Content/EngineFonts/RobotoDistanceField.uexp" 716
"../../../Engine/Content/EngineMaterials/DefaultTextMaterialOpaque.uasset" 717
"../../../Engine/Content/EngineMaterials/DefaultTextMaterialOpaque.uexp" 718
"../../../Engine/Content/EngineMaterials/DefaultWhiteGrid_Low.uasset" 719
"../../../Engine/Content/EngineMaterials/DefaultWhiteGrid_Low.uexp" 720
"../../../Engine/Content/EngineMaterials/EmissiveMeshMaterial.uasset" 721
"../../../Engine/Content/EngineMaterials/EmissiveMeshMaterial.uexp" 722
"../../../Engine/Content/EngineMaterials/BaseFlattenNormalMap.uasset" 723
"../../../Engine/Content/EngineMaterials/BaseFlattenNormalMap.uexp" 724
"../../../Engine/Content/EngineMaterials/BaseFlattenGrayscaleMap.uasset" 725
"../../../Engine/Content/EngineMaterials/BaseFlattenGrayscaleMap.uexp" 726
"../../../Engine/Content/EngineMaterials/BaseFlattenDiffuseMap.uasset" 727
"../../../Engine/Content/EngineMaterials/BaseFlattenDiffuseMap.uexp" 728
"../../../Engine/Content/Functions/Engine_MaterialFunctions02/PivotPainter2/Black_1x1_EXR_Texture.uasset" 729
"../../../Engine/Content/Functions/Engine_MaterialFunctions02/PivotPainter2/Black_1x1_EXR_Texture.uexp" 730
"../../../Engine/Content/EngineMaterials/BaseFlattenEmissiveMap.uasset" 731
"../../../Engine/Content/EngineMaterials/BaseFlattenEmissiveMap.uexp" 732
"../../../Engine/Content/EngineMaterials/BaseFlattenLinearColor.uasset" 733
"../../../Engine/Content/EngineMaterials/BaseFlattenLinearColor.uexp" 734
"../../../Engine/Content/EngineMaterials/FlattenMaterial.uasset" 735
"../../../Engine/Content/EngineMaterials/FlattenMaterial.uexp" 736
"../../../Engine/Content/EngineMaterials/BaseFlattenEmissiveMap_VT.uasset" 737
"../../../Engine/Content/EngineMaterials/BaseFlattenEmissiveMap_VT.uexp" 738
"../../../Engine/Content/EngineMaterials/BaseFlattenGrayscaleMap_VT.uasset" 739
"../../../Engine/Content/EngineMaterials/BaseFlattenGrayscaleMap_VT.uexp" 740
"../../../Engine/Content/EngineMaterials/BaseFlattenLinearColor_VT.uasset" 741
"../../../Engine/Content/EngineMaterials/BaseFlattenLinearColor_VT.uexp" 742
"../../../Engine/Content/EngineMaterials/Black_1x1_EXR_Texture_VT.uasset" 743
"../../../Engine/Content/EngineMaterials/Black_1x1_EXR_Texture_VT.uexp" 744
"../../../Engine/Content/EngineMaterials/BaseFlattenDiffuseMap_VT.uasset" 745
"../../../Engine/Content/EngineMaterials/BaseFlattenDiffuseMap_VT.uexp" 746
"../../../Engine/Content/EngineMaterials/BaseFlattenNormalMap_VT.uasset" 747
"../../../Engine/Content/EngineMaterials/BaseFlattenNormalMap_VT.uexp" 748
"../../../Engine/Content/EngineMaterials/FlattenMaterial_VT.uasset" 749
"../../../Engine/Content/EngineMaterials/FlattenMaterial_VT.uexp" 750
"../../../Engine/Content/EngineMaterials/FlattenMaterial_WS_Normal_VT.uasset" 751
"../../../Engine/Content/EngineMaterials/FlattenMaterial_WS_Normal_VT.uexp" 752
"../../../Engine/Content/EngineMaterials/GizmoMaterial.uasset" 753
"../../../Engine/Content/EngineMaterials/GizmoMaterial.uexp" 754
"../../../Engine/Content/EngineMaterials/InvalidLightmapSettings.ubulk" 755
"../../../Engine/Content/EngineMaterials/InvalidLightmapSettings.uasset" 756
"../../../Engine/Content/EngineMaterials/InvalidLightmapSettings.uexp" 757
"../../../Engine/Content/EngineMaterials/M_InvalidLightmapSettings.uasset" 758
"../../../Engine/Content/EngineMaterials/M_InvalidLightmapSettings.uexp" 759
"../../../Engine/Content/EngineMaterials/NaniteHiddenSectionMaterial.uasset" 760
"../../../Engine/Content/EngineMaterials/NaniteHiddenSectionMaterial.uexp" 761
"../../../Engine/Content/Functions/Engine_MaterialFunctions02/WorldPositionOffset/CameraOffset.uasset" 762
"../../../Engine/Content/Functions/Engine_MaterialFunctions02/WorldPositionOffset/CameraOffset.uexp" 763
"../../../Engine/Content/EngineMaterials/PhAT_JointLimitMaterial.uasset" 764
"../../../Engine/Content/EngineMaterials/PhAT_JointLimitMaterial.uexp" 765
"../../../Engine/Content/EngineMaterials/DefaultCalibrationColor.uasset" 766
"../../../Engine/Content/EngineMaterials/DefaultCalibrationColor.uexp" 767
"../../../Engine/Content/EngineMaterials/PPM_DefaultCalibrationColor.uasset" 768
"../../../Engine/Content/EngineMaterials/PPM_DefaultCalibrationColor.uexp" 769
"../../../Engine/Content/EngineMaterials/DefaultCalibrationGrayscale.uasset" 770
"../../../Engine/Content/EngineMaterials/DefaultCalibrationGrayscale.uexp" 771
"../../../Engine/Content/EngineMaterials/PPM_DefaultCalibrationGrayscale.uasset" 772
"../../../Engine/Content/EngineMaterials/PPM_DefaultCalibrationGrayscale.uexp" 773
"../../../Engine/Content/EngineMaterials/RemoveSurfaceMaterial.uasset" 774
"../../../Engine/Content/EngineMaterials/RemoveSurfaceMaterial.uexp" 775
"../../../Engine/Plugins/Animation/ControlRig/Content/M_Manip.uasset" 776
"../../../Engine/Plugins/Animation/ControlRig/Content/M_Manip.uexp" 777
"C:/Users/kk459/Desktop/Unreal Projects/cpsc-491-kevin-running-doubledash-game/Senior_Project491/Content/BlueColor.uasset" 778
"C:/Users/kk459/Desktop/Unreal Projects/cpsc-491-kevin-running-doubledash-game/Senior_Project491/Content/BlueColor.uexp" 779
"C:/Users/kk459/Desktop/Unreal Projects/cpsc-491-kevin-running-doubledash-game/Senior_Project491/Content/Images/2024-12-11_12-40.uasset" 780
"C:/Users/kk459/Desktop/Unreal Projects/cpsc-491-kevin-running-doubledash-game/Senior_Project491/Content/Images/2024-12-11_12-40.uexp" 781
"C:/Users/kk459/Desktop/Unreal Projects/cpsc-491-kevin-running-doubledash-game/Senior_Project491/Content/Flag.uasset" 782
"C:/Users/kk459/Desktop/Unreal Projects/cpsc-491-kevin-running-doubledash-game/Senior_Project491/Content/Flag.uexp" 783
"C:/Users/kk459/Desktop/Unreal Projects/cpsc-491-kevin-running-doubledash-game/Senior_Project491/Content/Images/Grass-For-Race-Track-Image-Plane.uasset" 784
"C:/Users/kk459/Desktop/Unreal Projects/cpsc-491-kevin-running-doubledash-game/Senior_Project491/Content/Images/Grass-For-Race-Track-Image-Plane.uexp" 785
"C:/Users/kk459/Desktop/Unreal Projects/cpsc-491-kevin-running-doubledash-game/Senior_Project491/Content/Grass.uasset" 786
"C:/Users/kk459/Desktop/Unreal Projects/cpsc-491-kevin-running-doubledash-game/Senior_Project491/Content/Grass.uexp" 787
"C:/Users/kk459/Desktop/Unreal Projects/cpsc-491-kevin-running-doubledash-game/Senior_Project491/Content/GreenColor1.uasset" 788
"C:/Users/kk459/Desktop/Unreal Projects/cpsc-491-kevin-running-doubledash-game/Senior_Project491/Content/GreenColor1.uexp" 789
"C:/Users/kk459/Desktop/Unreal Projects/cpsc-491-kevin-running-doubledash-game/Senior_Project491/Content/Images/Race-Track-Non-Transparent.uasset" 790
"C:/Users/kk459/Desktop/Unreal Projects/cpsc-491-kevin-running-doubledash-game/Senior_Project491/Content/Images/Race-Track-Non-Transparent.uexp" 791
"C:/Users/kk459/Desktop/Unreal Projects/cpsc-491-kevin-running-doubledash-game/Senior_Project491/Content/Track.uasset" 792
"C:/Users/kk459/Desktop/Unreal Projects/cpsc-491-kevin-running-doubledash-game/Senior_Project491/Content/Track.uexp" 793
"C:/Users/kk459/Desktop/Unreal Projects/cpsc-491-kevin-running-doubledash-game/Senior_Project491/Content/Images/CPSC-490-Track-Clubhouse-Door.uasset" 794
"C:/Users/kk459/Desktop/Unreal Projects/cpsc-491-kevin-running-doubledash-game/Senior_Project491/Content/Images/CPSC-490-Track-Clubhouse-Door.uexp" 795
"C:/Users/kk459/Desktop/Unreal Projects/cpsc-491-kevin-running-doubledash-game/Senior_Project491/Content/Track_ClubhouseDoor.uasset" 796
"C:/Users/kk459/Desktop/Unreal Projects/cpsc-491-kevin-running-doubledash-game/Senior_Project491/Content/Track_ClubhouseDoor.uexp" 797
"../../../Engine/Content/EngineMaterials/Substrate/GLints/AGlintTex2dArray.uasset" 798
"../../../Engine/Content/EngineMaterials/Substrate/GLints/AGlintTex2dArray.uexp" 799
"../../../Engine/Content/EngineMaterials/Substrate/GLints2/AGlintTex2dArray2.uasset" 800
"../../../Engine/Content/EngineMaterials/Substrate/GLints2/AGlintTex2dArray2.uexp" 801
"../../../Engine/Content/EngineMaterials/WeightMapPlaceholderTexture.uasset" 802
"../../../Engine/Content/EngineMaterials/WeightMapPlaceholderTexture.uexp" 803
"../../../Engine/Content/EngineMaterials/WeightMapArrayPlaceholderTexture.uasset" 804
"../../../Engine/Content/EngineMaterials/WeightMapArrayPlaceholderTexture.uexp" 805
"../../../Engine/Plugins/NNE/NNEDenoiser/Content/NNEDIM_ColorAlbedoNormal_Alpha.uasset" 806
"../../../Engine/Plugins/NNE/NNEDenoiser/Content/NNEDIM_ColorAlbedoNormal_Alpha.uexp" 807
"../../../Engine/Plugins/NNE/NNEDenoiser/Content/NNEDIM_ColorAlbedoNormal_Default.uasset" 808
"../../../Engine/Plugins/NNE/NNEDenoiser/Content/NNEDIM_ColorAlbedoNormal_Default.uexp" 809
"../../../Engine/Plugins/NNE/NNEDenoiser/Content/NNEDIM_HighQuality_Alpha.uasset" 810
"../../../Engine/Plugins/NNE/NNEDenoiser/Content/NNEDIM_HighQuality_Alpha.uexp" 811
"../../../Engine/Plugins/NNE/NNEDenoiser/Content/NNEDIM_HighQuality_Default.uasset" 812
"../../../Engine/Plugins/NNE/NNEDenoiser/Content/NNEDIM_HighQuality_Default.uexp" 813
"../../../Engine/Plugins/NNE/NNEDenoiser/Content/NNEDOM_Output_Alpha.uasset" 814
"../../../Engine/Plugins/NNE/NNEDenoiser/Content/NNEDOM_Output_Alpha.uexp" 815
"../../../Engine/Plugins/NNE/NNEDenoiser/Content/NNEDOM_Output_Default.uasset" 816
"../../../Engine/Plugins/NNE/NNEDenoiser/Content/NNEDOM_Output_Default.uexp" 817
"../../../Engine/Plugins/NNE/NNEDenoiser/Content/NNEDTIM_ColorAlbedoNormal_Alpha.uasset" 818
"../../../Engine/Plugins/NNE/NNEDenoiser/Content/NNEDTIM_ColorAlbedoNormal_Alpha.uexp" 819
"../../../Engine/Plugins/NNE/NNEDenoiser/Content/NNEDTIM_ColorAlbedoNormal_Default.uasset" 820
"../../../Engine/Plugins/NNE/NNEDenoiser/Content/NNEDTIM_ColorAlbedoNormal_Default.uexp" 821
"../../../Engine/Plugins/NNE/NNEDenoiser/Content/NNEDTOM_Output_Alpha.uasset" 822
"../../../Engine/Plugins/NNE/NNEDenoiser/Content/NNEDTOM_Output_Alpha.uexp" 823
"../../../Engine/Plugins/NNE/NNEDenoiser/Content/NNEDTOM_Output_Default.uasset" 824
"../../../Engine/Plugins/NNE/NNEDenoiser/Content/NNEDTOM_Output_Default.uexp" 825
"../../../Engine/Content/EngineMeshes/Sphere.ubulk" 826
"../../../Engine/Content/EngineMeshes/Sphere.uasset" 827
"../../../Engine/Content/EngineMeshes/Sphere.uexp" 828
"../../../Engine/Content/VREditor/TransformGizmo/Main.uasset" 829
"../../../Engine/Content/VREditor/TransformGizmo/Main.uexp" 830
"../../../Engine/Content/VREditor/TransformGizmo/Xray.uasset" 831
"../../../Engine/Content/VREditor/TransformGizmo/Xray.uexp" 832
"../../../Engine/Content/VREditor/TransformGizmo/SM_Sequencer_Node.ubulk" 833
"../../../Engine/Content/VREditor/TransformGizmo/SM_Sequencer_Node.uasset" 834
"../../../Engine/Content/VREditor/TransformGizmo/SM_Sequencer_Node.uexp" 835
"../../../Engine/Plugins/Media/MediaPlate/Content/SM_MediaPlateScreen.ubulk" 836
"../../../Engine/Plugins/Media/MediaPlate/Content/SM_MediaPlateScreen.uasset" 837
"../../../Engine/Plugins/Media/MediaPlate/Content/SM_MediaPlateScreen.uexp" 838
"../../../Engine/Plugins/2D/Paper2D/Content/DefaultSpriteMaterial.uasset" 839
"../../../Engine/Plugins/2D/Paper2D/Content/DefaultSpriteMaterial.uexp" 840
"../../../Engine/Plugins/2D/Paper2D/Content/OpaqueUnlitSpriteMaterial.uasset" 841
"../../../Engine/Plugins/2D/Paper2D/Content/OpaqueUnlitSpriteMaterial.uexp" 842
"../../../Engine/Plugins/2D/Paper2D/Content/MaskedUnlitSpriteMaterial.uasset" 843
"../../../Engine/Plugins/2D/Paper2D/Content/MaskedUnlitSpriteMaterial.uexp" 844
"../../../Engine/Content/EngineResources/WhiteSquareTexture.uasset" 845
"../../../Engine/Content/EngineResources/WhiteSquareTexture.uexp" 846
"../../../Engine/Content/EngineMaterials/Widget3DPassThrough.uasset" 847
"../../../Engine/Content/EngineMaterials/Widget3DPassThrough.uexp" 848
"../../../Engine/Content/EngineMaterials/Widget3DPassThrough_Translucent.uasset" 849
"../../../Engine/Content/EngineMaterials/Widget3DPassThrough_Translucent.uexp" 850
"../../../Engine/Content/EngineMaterials/Widget3DPassThrough_Translucent_OneSided.uasset" 851
"../../../Engine/Content/EngineMaterials/Widget3DPassThrough_Translucent_OneSided.uexp" 852
"../../../Engine/Content/EngineMaterials/Widget3DPassThrough_Opaque.uasset" 853
"../../../Engine/Content/EngineMaterials/Widget3DPassThrough_Opaque.uexp" 854
"../../../Engine/Content/EngineMaterials/Widget3DPassThrough_Opaque_OneSided.uasset" 855
"../../../Engine/Content/EngineMaterials/Widget3DPassThrough_Opaque_OneSided.uexp" 856
"../../../Engine/Content/EngineMaterials/Widget3DPassThrough_Masked_OneSided.uasset" 857
"../../../Engine/Content/EngineMaterials/Widget3DPassThrough_Masked_OneSided.uexp" 858
"../../../Engine/Content/EngineMaterials/Widget3DPassThrough_Masked.uasset" 859
"../../../Engine/Content/EngineMaterials/Widget3DPassThrough_Masked.uexp" 860
"../../../Engine/Content/EditorLandscapeResources/SplineEditorMeshMat.uasset" 861
"../../../Engine/Content/EditorLandscapeResources/SplineEditorMeshMat.uexp" 862
"../../../Engine/Content/EditorLandscapeResources/SplineEditorMesh.ubulk" 863
"../../../Engine/Content/EditorLandscapeResources/SplineEditorMesh.uasset" 864
"../../../Engine/Content/EditorLandscapeResources/SplineEditorMesh.uexp" 865
"../../../Engine/Content/EngineMaterials/DefaultMaterial.uasset" 866
"../../../Engine/Content/EngineMaterials/DefaultMaterial.uexp" 867
"../../../Engine/Content/BasicShapes/Sphere.ubulk" 868
"../../../Engine/Content/BasicShapes/Sphere.uasset" 869
"../../../Engine/Content/BasicShapes/Sphere.uexp" 870
"../../../Engine/Content/BasicShapes/Cylinder.ubulk" 871
"../../../Engine/Content/BasicShapes/Cylinder.uasset" 872
"../../../Engine/Content/BasicShapes/Cylinder.uexp" 873
"../../../Engine/Content/BasicShapes/Cone.ubulk" 874
"../../../Engine/Content/BasicShapes/Cone.uasset" 875
"../../../Engine/Content/BasicShapes/Cone.uexp" 876
"C:/Users/kk459/Desktop/Unreal Projects/cpsc-491-kevin-running-doubledash-game/Senior_Project491/Content/RaceTrack3Elements/Maya_Lambert17.uasset" 877
"C:/Users/kk459/Desktop/Unreal Projects/cpsc-491-kevin-running-doubledash-game/Senior_Project491/Content/RaceTrack3Elements/Maya_Lambert17.uexp" 878
"C:/Users/kk459/Desktop/Unreal Projects/cpsc-491-kevin-running-doubledash-game/Senior_Project491/Content/RaceTrack3Elements/pasted__pasted__pCube129.ubulk" 879
"C:/Users/kk459/Desktop/Unreal Projects/cpsc-491-kevin-running-doubledash-game/Senior_Project491/Content/RaceTrack3Elements/pasted__pasted__pCube129.uasset" 880
"C:/Users/kk459/Desktop/Unreal Projects/cpsc-491-kevin-running-doubledash-game/Senior_Project491/Content/RaceTrack3Elements/pasted__pasted__pCube129.uexp" 881
"C:/Users/kk459/Desktop/Unreal Projects/cpsc-491-kevin-running-doubledash-game/Senior_Project491/Content/RaceTrack3Elements/pasted__lambert7.uasset" 882
"C:/Users/kk459/Desktop/Unreal Projects/cpsc-491-kevin-running-doubledash-game/Senior_Project491/Content/RaceTrack3Elements/pasted__lambert7.uexp" 883
"C:/Users/kk459/Desktop/Unreal Projects/cpsc-491-kevin-running-doubledash-game/Senior_Project491/Content/RaceTrack3Elements/pasted__pasted__pasted__pCylinder1.ubulk" 884
"C:/Users/kk459/Desktop/Unreal Projects/cpsc-491-kevin-running-doubledash-game/Senior_Project491/Content/RaceTrack3Elements/pasted__pasted__pasted__pCylinder1.uasset" 885
"C:/Users/kk459/Desktop/Unreal Projects/cpsc-491-kevin-running-doubledash-game/Senior_Project491/Content/RaceTrack3Elements/pasted__pasted__pasted__pCylinder1.uexp" 886
"C:/Users/kk459/Desktop/Unreal Projects/cpsc-491-kevin-running-doubledash-game/Senior_Project491/Content/RaceTrack3Elements/Maya_Lambert5.uasset" 887
"C:/Users/kk459/Desktop/Unreal Projects/cpsc-491-kevin-running-doubledash-game/Senior_Project491/Content/RaceTrack3Elements/Maya_Lambert5.uexp" 888
"C:/Users/kk459/Desktop/Unreal Projects/cpsc-491-kevin-running-doubledash-game/Senior_Project491/Content/RaceTrack3Elements/pasted__pasted__pasted__pCube3.ubulk" 889
"C:/Users/kk459/Desktop/Unreal Projects/cpsc-491-kevin-running-doubledash-game/Senior_Project491/Content/RaceTrack3Elements/pasted__pasted__pasted__pCube3.uasset" 890
"C:/Users/kk459/Desktop/Unreal Projects/cpsc-491-kevin-running-doubledash-game/Senior_Project491/Content/RaceTrack3Elements/pasted__pasted__pasted__pCube3.uexp" 891
"C:/Users/kk459/Desktop/Unreal Projects/cpsc-491-kevin-running-doubledash-game/Senior_Project491/Content/RaceTrack2Elements/pasted__pasted__pasted__pasted__Maya_Lambert11.uasset" 892
"C:/Users/kk459/Desktop/Unreal Projects/cpsc-491-kevin-running-doubledash-game/Senior_Project491/Content/RaceTrack2Elements/pasted__pasted__pasted__pasted__Maya_Lambert11.uexp" 893
"C:/Users/kk459/Desktop/Unreal Projects/cpsc-491-kevin-running-doubledash-game/Senior_Project491/Content/RaceTrack2Elements/pasted__pasted__pasted__pasted__pSphere2.ubulk" 894
"C:/Users/kk459/Desktop/Unreal Projects/cpsc-491-kevin-running-doubledash-game/Senior_Project491/Content/RaceTrack2Elements/pasted__pasted__pasted__pasted__pSphere2.uasset" 895
"C:/Users/kk459/Desktop/Unreal Projects/cpsc-491-kevin-running-doubledash-game/Senior_Project491/Content/RaceTrack2Elements/pasted__pasted__pasted__pasted__pSphere2.uexp" 896
"C:/Users/kk459/Desktop/Unreal Projects/cpsc-491-kevin-running-doubledash-game/Senior_Project491/Content/RaceTrack2Elements/pasted__pasted__lambert10.uasset" 897
"C:/Users/kk459/Desktop/Unreal Projects/cpsc-491-kevin-running-doubledash-game/Senior_Project491/Content/RaceTrack2Elements/pasted__pasted__lambert10.uexp" 898
"C:/Users/kk459/Desktop/Unreal Projects/cpsc-491-kevin-running-doubledash-game/Senior_Project491/Content/RaceTrack2Elements/pasted__pasted__pasted__pasted__pCylinder1141.ubulk" 899
"C:/Users/kk459/Desktop/Unreal Projects/cpsc-491-kevin-running-doubledash-game/Senior_Project491/Content/RaceTrack2Elements/pasted__pasted__pasted__pasted__pCylinder1141.uasset" 900
"C:/Users/kk459/Desktop/Unreal Projects/cpsc-491-kevin-running-doubledash-game/Senior_Project491/Content/RaceTrack2Elements/pasted__pasted__pasted__pasted__pCylinder1141.uexp" 901
"../../../Engine/Content/Functions/Engine_MaterialFunctions02/Texturing/CustomRotator.uasset" 902
"../../../Engine/Content/Functions/Engine_MaterialFunctions02/Texturing/CustomRotator.uexp" 903
"../../../Engine/Plugins/Runtime/AudioWidgets/Content/AudioMaterialSlate/Functions/MF_SingleLine_Smooth.uasset" 904
"../../../Engine/Plugins/Runtime/AudioWidgets/Content/AudioMaterialSlate/Functions/MF_SingleLine_Smooth.uexp" 905
"../../../Engine/Plugins/Runtime/AudioWidgets/Content/AudioMaterialSlate/Functions/MF_AngleGradient.uasset" 906
"../../../Engine/Plugins/Runtime/AudioWidgets/Content/AudioMaterialSlate/Functions/MF_AngleGradient.uexp" 907
"../../../Engine/Plugins/Runtime/AudioWidgets/Content/AudioMaterialSlate/Functions/MF_SingleLine.uasset" 908
"../../../Engine/Plugins/Runtime/AudioWidgets/Content/AudioMaterialSlate/Functions/MF_SingleLine.uexp" 909
"../../../Engine/Content/Functions/Engine_MaterialFunctions01/Gradient/SphereGradient-2D.uasset" 910
"../../../Engine/Content/Functions/Engine_MaterialFunctions01/Gradient/SphereGradient-2D.uexp" 911
"../../../Engine/Plugins/Runtime/AudioWidgets/Content/AudioMaterialSlate/M_AudioMaterialToggleButton.uasset" 912
"../../../Engine/Plugins/Runtime/AudioWidgets/Content/AudioMaterialSlate/M_AudioMaterialToggleButton.uexp" 913
"../../../Engine/Plugins/Runtime/AudioWidgets/Content/AudioMaterialSlate/MI_AudioMaterialToggleButton.uasset" 914
"../../../Engine/Plugins/Runtime/AudioWidgets/Content/AudioMaterialSlate/MI_AudioMaterialToggleButton.uexp" 915
"../../../Engine/Content/Functions/Engine_MaterialFunctions01/Gradient/GeneratedRoundRect.uasset" 916
"../../../Engine/Content/Functions/Engine_MaterialFunctions01/Gradient/GeneratedRoundRect.uexp" 917
"../../../Engine/Plugins/Runtime/AudioWidgets/Content/AudioMaterialSlate/M_AudioMaterialRoundedSlider.uasset" 918
"../../../Engine/Plugins/Runtime/AudioWidgets/Content/AudioMaterialSlate/M_AudioMaterialRoundedSlider.uexp" 919
"../../../Engine/Plugins/Runtime/AudioWidgets/Content/AudioMaterialSlate/MI_AudioMaterialRoundedSlider.uasset" 920
"../../../Engine/Plugins/Runtime/AudioWidgets/Content/AudioMaterialSlate/MI_AudioMaterialRoundedSlider.uexp" 921
"../../../Engine/Plugins/Runtime/AudioWidgets/Content/AudioMaterialSlate/Functions/MF_Lines.uasset" 922
"../../../Engine/Plugins/Runtime/AudioWidgets/Content/AudioMaterialSlate/Functions/MF_Lines.uexp" 923
"../../../Engine/Content/Functions/Engine_MaterialFunctions02/Lerp_3Color.uasset" 924
"../../../Engine/Content/Functions/Engine_MaterialFunctions02/Lerp_3Color.uexp" 925
"../../../Engine/Plugins/Runtime/AudioWidgets/Content/AudioMaterialSlate/M_AudioMaterialMeter.uasset" 926
"../../../Engine/Plugins/Runtime/AudioWidgets/Content/AudioMaterialSlate/M_AudioMaterialMeter.uexp" 927
"../../../Engine/Plugins/Runtime/AudioWidgets/Content/AudioMaterialSlate/MI_AudioMaterialMeter.uasset" 928
"../../../Engine/Plugins/Runtime/AudioWidgets/Content/AudioMaterialSlate/MI_AudioMaterialMeter.uexp" 929
"../../../Engine/Plugins/Runtime/AudioWidgets/Content/AudioMaterialSlate/M_AudioMaterialKnob.uasset" 930
"../../../Engine/Plugins/Runtime/AudioWidgets/Content/AudioMaterialSlate/M_AudioMaterialKnob.uexp" 931
"../../../Engine/Plugins/Runtime/AudioWidgets/Content/AudioMaterialSlate/MI_AudioMaterialKnob.uasset" 932
"../../../Engine/Plugins/Runtime/AudioWidgets/Content/AudioMaterialSlate/MI_AudioMaterialKnob.uexp" 933
"../../../Engine/Plugins/Runtime/AudioWidgets/Content/AudioMaterialSlate/Functions/MF_DotOutlined.uasset" 934
"../../../Engine/Plugins/Runtime/AudioWidgets/Content/AudioMaterialSlate/Functions/MF_DotOutlined.uexp" 935
"../../../Engine/Plugins/Runtime/AudioWidgets/Content/AudioMaterialSlate/M_AudioMaterialEnvelope_ADSR.uasset" 936
"../../../Engine/Plugins/Runtime/AudioWidgets/Content/AudioMaterialSlate/M_AudioMaterialEnvelope_ADSR.uexp" 937
"../../../Engine/Plugins/Runtime/AudioWidgets/Content/AudioMaterialSlate/MI_AudioMaterialEnvelope_ADSR.uasset" 938
"../../../Engine/Plugins/Runtime/AudioWidgets/Content/AudioMaterialSlate/MI_AudioMaterialEnvelope_ADSR.uexp" 939
"../../../Engine/Plugins/Animation/ControlRig/Content/Controls/ControlRig_Wedge_solid.ubulk" 940
"../../../Engine/Plugins/Animation/ControlRig/Content/Controls/ControlRig_Wedge_solid.uasset" 941
"../../../Engine/Plugins/Animation/ControlRig/Content/Controls/ControlRig_Wedge_solid.uexp" 942
"../../../Engine/Plugins/Animation/ControlRig/Content/Controls/ControlRig_Wedge_3mm.ubulk" 943
"../../../Engine/Plugins/Animation/ControlRig/Content/Controls/ControlRig_Wedge_3mm.uasset" 944
"../../../Engine/Plugins/Animation/ControlRig/Content/Controls/ControlRig_Wedge_3mm.uexp" 945
"../../../Engine/Plugins/Animation/ControlRig/Content/Controls/ControlRig_Wedge_1mm.ubulk" 946
"../../../Engine/Plugins/Animation/ControlRig/Content/Controls/ControlRig_Wedge_1mm.uasset" 947
"../../../Engine/Plugins/Animation/ControlRig/Content/Controls/ControlRig_Wedge_1mm.uexp" 948
"../../../Engine/Plugins/Animation/ControlRig/Content/Controls/ControlRig_Triangle_solid.ubulk" 949
"../../../Engine/Plugins/Animation/ControlRig/Content/Controls/ControlRig_Triangle_solid.uasset" 950
"../../../Engine/Plugins/Animation/ControlRig/Content/Controls/ControlRig_Triangle_solid.uexp" 951
"../../../Engine/Plugins/Animation/ControlRig/Content/Controls/ControlRig_Triangle_3mm.ubulk" 952
"../../../Engine/Plugins/Animation/ControlRig/Content/Controls/ControlRig_Triangle_3mm.uasset" 953
"../../../Engine/Plugins/Animation/ControlRig/Content/Controls/ControlRig_Triangle_3mm.uexp" 954
"../../../Engine/Plugins/Animation/ControlRig/Content/Controls/ControlRig_Triangle_1mm.ubulk" 955
"../../../Engine/Plugins/Animation/ControlRig/Content/Controls/ControlRig_Triangle_1mm.uasset" 956
"../../../Engine/Plugins/Animation/ControlRig/Content/Controls/ControlRig_Triangle_1mm.uexp" 957
"../../../Engine/Plugins/Animation/ControlRig/Content/Controls/ControlRig_Star4_solid.ubulk" 958
"../../../Engine/Plugins/Animation/ControlRig/Content/Controls/ControlRig_Star4_solid.uasset" 959
"../../../Engine/Plugins/Animation/ControlRig/Content/Controls/ControlRig_Star4_solid.uexp" 960
"../../../Engine/Plugins/Animation/ControlRig/Content/Controls/ControlRig_Star4_3mm.ubulk" 961
"../../../Engine/Plugins/Animation/ControlRig/Content/Controls/ControlRig_Star4_3mm.uasset" 962
"../../../Engine/Plugins/Animation/ControlRig/Content/Controls/ControlRig_Star4_3mm.uexp" 963
"../../../Engine/Plugins/Animation/ControlRig/Content/Controls/ControlRig_Star4_1mm.ubulk" 964
"../../../Engine/Plugins/Animation/ControlRig/Content/Controls/ControlRig_Star4_1mm.uasset" 965
"../../../Engine/Plugins/Animation/ControlRig/Content/Controls/ControlRig_Star4_1mm.uexp" 966
"../../../Engine/Plugins/Animation/ControlRig/Content/Controls/ControlRig_Square_solid.ubulk" 967
"../../../Engine/Plugins/Animation/ControlRig/Content/Controls/ControlRig_Square_solid.uasset" 968
"../../../Engine/Plugins/Animation/ControlRig/Content/Controls/ControlRig_Square_solid.uexp" 969
"../../../Engine/Plugins/Animation/ControlRig/Content/Controls/ControlRig_Square_3mm.ubulk" 970
"../../../Engine/Plugins/Animation/ControlRig/Content/Controls/ControlRig_Square_3mm.uasset" 971
"../../../Engine/Plugins/Animation/ControlRig/Content/Controls/ControlRig_Square_3mm.uexp" 972
"../../../Engine/Plugins/Animation/ControlRig/Content/Controls/ControlRig_Square_1mm.ubulk" 973
"../../../Engine/Plugins/Animation/ControlRig/Content/Controls/ControlRig_Square_1mm.uasset" 974
"../../../Engine/Plugins/Animation/ControlRig/Content/Controls/ControlRig_Square_1mm.uexp" 975
"../../../Engine/Plugins/Animation/ControlRig/Content/Controls/ControlRig_Sphere_solid.ubulk" 976
"../../../Engine/Plugins/Animation/ControlRig/Content/Controls/ControlRig_Sphere_solid.uasset" 977
"../../../Engine/Plugins/Animation/ControlRig/Content/Controls/ControlRig_Sphere_solid.uexp" 978
"../../../Engine/Plugins/Animation/ControlRig/Content/Controls/ControlRig_Sphere_3mm.ubulk" 979
"../../../Engine/Plugins/Animation/ControlRig/Content/Controls/ControlRig_Sphere_3mm.uasset" 980
"../../../Engine/Plugins/Animation/ControlRig/Content/Controls/ControlRig_Sphere_3mm.uexp" 981
"../../../Engine/Plugins/Animation/ControlRig/Content/Controls/ControlRig_Sphere_1mm.ubulk" 982
"../../../Engine/Plugins/Animation/ControlRig/Content/Controls/ControlRig_Sphere_1mm.uasset" 983
"../../../Engine/Plugins/Animation/ControlRig/Content/Controls/ControlRig_Sphere_1mm.uexp" 984
"../../../Engine/Plugins/Animation/ControlRig/Content/Controls/ControlRig_RoundedTriangle_solid.ubulk" 985
"../../../Engine/Plugins/Animation/ControlRig/Content/Controls/ControlRig_RoundedTriangle_solid.uasset" 986
"../../../Engine/Plugins/Animation/ControlRig/Content/Controls/ControlRig_RoundedTriangle_solid.uexp" 987
"../../../Engine/Plugins/Animation/ControlRig/Content/Controls/ControlRig_RoundedTriangle_3mm.ubulk" 988
"../../../Engine/Plugins/Animation/ControlRig/Content/Controls/ControlRig_RoundedTriangle_3mm.uasset" 989
"../../../Engine/Plugins/Animation/ControlRig/Content/Controls/ControlRig_RoundedTriangle_3mm.uexp" 990
"../../../Engine/Plugins/Animation/ControlRig/Content/Controls/ControlRig_RoundedTriangle_1mm.ubulk" 991
"../../../Engine/Plugins/Animation/ControlRig/Content/Controls/ControlRig_RoundedTriangle_1mm.uasset" 992
"../../../Engine/Plugins/Animation/ControlRig/Content/Controls/ControlRig_RoundedTriangle_1mm.uexp" 993
"../../../Engine/Plugins/Animation/ControlRig/Content/Controls/ControlRig_RoundedSquare_solid.ubulk" 994
"../../../Engine/Plugins/Animation/ControlRig/Content/Controls/ControlRig_RoundedSquare_solid.uasset" 995
"../../../Engine/Plugins/Animation/ControlRig/Content/Controls/ControlRig_RoundedSquare_solid.uexp" 996
"../../../Engine/Plugins/Animation/ControlRig/Content/Controls/ControlRig_RoundedSquare_3mm.ubulk" 997
"../../../Engine/Plugins/Animation/ControlRig/Content/Controls/ControlRig_RoundedSquare_3mm.uasset" 998
"../../../Engine/Plugins/Animation/ControlRig/Content/Controls/ControlRig_RoundedSquare_3mm.uexp" 999
"../../../Engine/Plugins/Animation/ControlRig/Content/Controls/ControlRig_RoundedSquare_1mm.ubulk" 1000
"../../../Engine/Plugins/Animation/ControlRig/Content/Controls/ControlRig_RoundedSquare_1mm.uasset" 1001
"../../../Engine/Plugins/Animation/ControlRig/Content/Controls/ControlRig_RoundedSquare_1mm.uexp" 1002
"../../../Engine/Plugins/Animation/ControlRig/Content/Controls/ControlRig_QuarterCircle_solid.ubulk" 1003
"../../../Engine/Plugins/Animation/ControlRig/Content/Controls/ControlRig_QuarterCircle_solid.uasset" 1004
"../../../Engine/Plugins/Animation/ControlRig/Content/Controls/ControlRig_QuarterCircle_solid.uexp" 1005
"../../../Engine/Plugins/Animation/ControlRig/Content/Controls/ControlRig_QuarterCircle_3mm.ubulk" 1006
"../../../Engine/Plugins/Animation/ControlRig/Content/Controls/ControlRig_QuarterCircle_3mm.uasset" 1007
"../../../Engine/Plugins/Animation/ControlRig/Content/Controls/ControlRig_QuarterCircle_3mm.uexp" 1008
"../../../Engine/Plugins/Animation/ControlRig/Content/Controls/ControlRig_QuarterCircle_1mm.ubulk" 1009
"../../../Engine/Plugins/Animation/ControlRig/Content/Controls/ControlRig_QuarterCircle_1mm.uasset" 1010
"../../../Engine/Plugins/Animation/ControlRig/Content/Controls/ControlRig_QuarterCircle_1mm.uexp" 1011
"../../../Engine/Plugins/Animation/ControlRig/Content/Controls/ControlRig_Pyramid_solid.ubulk" 1012
"../../../Engine/Plugins/Animation/ControlRig/Content/Controls/ControlRig_Pyramid_solid.uasset" 1013
"../../../Engine/Plugins/Animation/ControlRig/Content/Controls/ControlRig_Pyramid_solid.uexp" 1014
"../../../Engine/Plugins/Animation/ControlRig/Content/Controls/ControlRig_Pyramid_3mm.ubulk" 1015
"../../../Engine/Plugins/Animation/ControlRig/Content/Controls/ControlRig_Pyramid_3mm.uasset" 1016
"../../../Engine/Plugins/Animation/ControlRig/Content/Controls/ControlRig_Pyramid_3mm.uexp" 1017
"../../../Engine/Plugins/Animation/ControlRig/Content/Controls/ControlRig_Pyramid_1mm.ubulk" 1018
"../../../Engine/Plugins/Animation/ControlRig/Content/Controls/ControlRig_Pyramid_1mm.uasset" 1019
"../../../Engine/Plugins/Animation/ControlRig/Content/Controls/ControlRig_Pyramid_1mm.uexp" 1020
"../../../Engine/Plugins/Animation/ControlRig/Content/Controls/ControlRig_Octagon_solid.ubulk" 1021
"../../../Engine/Plugins/Animation/ControlRig/Content/Controls/ControlRig_Octagon_solid.uasset" 1022
"../../../Engine/Plugins/Animation/ControlRig/Content/Controls/ControlRig_Octagon_solid.uexp" 1023
"../../../Engine/Plugins/Animation/ControlRig/Content/Controls/ControlRig_Octagon_3mm.ubulk" 1024
"../../../Engine/Plugins/Animation/ControlRig/Content/Controls/ControlRig_Octagon_3mm.uasset" 1025
"../../../Engine/Plugins/Animation/ControlRig/Content/Controls/ControlRig_Octagon_3mm.uexp" 1026
"../../../Engine/Plugins/Animation/ControlRig/Content/Controls/ControlRig_Octagon_1mm.ubulk" 1027
"../../../Engine/Plugins/Animation/ControlRig/Content/Controls/ControlRig_Octagon_1mm.uasset" 1028
"../../../Engine/Plugins/Animation/ControlRig/Content/Controls/ControlRig_Octagon_1mm.uexp" 1029
"../../../Engine/Plugins/Animation/ControlRig/Content/Controls/ControlRig_Hexagon_solid.ubulk" 1030
"../../../Engine/Plugins/Animation/ControlRig/Content/Controls/ControlRig_Hexagon_solid.uasset" 1031
"../../../Engine/Plugins/Animation/ControlRig/Content/Controls/ControlRig_Hexagon_solid.uexp" 1032
"../../../Engine/Plugins/Animation/ControlRig/Content/Controls/ControlRig_Hexagon_3mm.ubulk" 1033
"../../../Engine/Plugins/Animation/ControlRig/Content/Controls/ControlRig_Hexagon_3mm.uasset" 1034
"../../../Engine/Plugins/Animation/ControlRig/Content/Controls/ControlRig_Hexagon_3mm.uexp" 1035
"../../../Engine/Plugins/Animation/ControlRig/Content/Controls/ControlRig_Hexagon_1mm.ubulk" 1036
"../../../Engine/Plugins/Animation/ControlRig/Content/Controls/ControlRig_Hexagon_1mm.uasset" 1037
"../../../Engine/Plugins/Animation/ControlRig/Content/Controls/ControlRig_Hexagon_1mm.uexp" 1038
"../../../Engine/Plugins/Animation/ControlRig/Content/Controls/ControlRig_HalfCircle_solid.ubulk" 1039
"../../../Engine/Plugins/Animation/ControlRig/Content/Controls/ControlRig_HalfCircle_solid.uasset" 1040
"../../../Engine/Plugins/Animation/ControlRig/Content/Controls/ControlRig_HalfCircle_solid.uexp" 1041
"../../../Engine/Plugins/Animation/ControlRig/Content/Controls/ControlRig_HalfCircle_3mm.ubulk" 1042
"../../../Engine/Plugins/Animation/ControlRig/Content/Controls/ControlRig_HalfCircle_3mm.uasset" 1043
"../../../Engine/Plugins/Animation/ControlRig/Content/Controls/ControlRig_HalfCircle_3mm.uexp" 1044
"../../../Engine/Plugins/Animation/ControlRig/Content/Controls/ControlRig_HalfCircle_1mm.ubulk" 1045
"../../../Engine/Plugins/Animation/ControlRig/Content/Controls/ControlRig_HalfCircle_1mm.uasset" 1046
"../../../Engine/Plugins/Animation/ControlRig/Content/Controls/ControlRig_HalfCircle_1mm.uexp" 1047
"../../../Engine/Plugins/Animation/ControlRig/Content/Controls/ControlRig_Diamond_solid.ubulk" 1048
"../../../Engine/Plugins/Animation/ControlRig/Content/Controls/ControlRig_Diamond_solid.uasset" 1049
"../../../Engine/Plugins/Animation/ControlRig/Content/Controls/ControlRig_Diamond_solid.uexp" 1050
"../../../Engine/Plugins/Animation/ControlRig/Content/Controls/ControlRig_Diamond_3mm.ubulk" 1051
"../../../Engine/Plugins/Animation/ControlRig/Content/Controls/ControlRig_Diamond_3mm.uasset" 1052
"../../../Engine/Plugins/Animation/ControlRig/Content/Controls/ControlRig_Diamond_3mm.uexp" 1053
"../../../Engine/Plugins/Animation/ControlRig/Content/Controls/ControlRig_Diamond_1mm.ubulk" 1054
"../../../Engine/Plugins/Animation/ControlRig/Content/Controls/ControlRig_Diamond_1mm.uasset" 1055
"../../../Engine/Plugins/Animation/ControlRig/Content/Controls/ControlRig_Diamond_1mm.uexp" 1056
"../../../Engine/Plugins/Animation/ControlRig/Content/Controls/ControlRig_Circle_solid.ubulk" 1057
"../../../Engine/Plugins/Animation/ControlRig/Content/Controls/ControlRig_Circle_solid.uasset" 1058
"../../../Engine/Plugins/Animation/ControlRig/Content/Controls/ControlRig_Circle_solid.uexp" 1059
"../../../Engine/Plugins/Animation/ControlRig/Content/Controls/ControlRig_Circle_3mm.ubulk" 1060
"../../../Engine/Plugins/Animation/ControlRig/Content/Controls/ControlRig_Circle_3mm.uasset" 1061
"../../../Engine/Plugins/Animation/ControlRig/Content/Controls/ControlRig_Circle_3mm.uexp" 1062
"../../../Engine/Plugins/Animation/ControlRig/Content/Controls/ControlRig_Circle_1mm.ubulk" 1063
"../../../Engine/Plugins/Animation/ControlRig/Content/Controls/ControlRig_Circle_1mm.uasset" 1064
"../../../Engine/Plugins/Animation/ControlRig/Content/Controls/ControlRig_Circle_1mm.uexp" 1065
"../../../Engine/Plugins/Animation/ControlRig/Content/Controls/ControlRig_Box_solid.ubulk" 1066
"../../../Engine/Plugins/Animation/ControlRig/Content/Controls/ControlRig_Box_solid.uasset" 1067
"../../../Engine/Plugins/Animation/ControlRig/Content/Controls/ControlRig_Box_solid.uexp" 1068
"../../../Engine/Plugins/Animation/ControlRig/Content/Controls/ControlRig_Box_3mm.ubulk" 1069
"../../../Engine/Plugins/Animation/ControlRig/Content/Controls/ControlRig_Box_3mm.uasset" 1070
"../../../Engine/Plugins/Animation/ControlRig/Content/Controls/ControlRig_Box_3mm.uexp" 1071
"../../../Engine/Plugins/Animation/ControlRig/Content/Controls/ControlRig_Box_1mm.ubulk" 1072
"../../../Engine/Plugins/Animation/ControlRig/Content/Controls/ControlRig_Box_1mm.uasset" 1073
"../../../Engine/Plugins/Animation/ControlRig/Content/Controls/ControlRig_Box_1mm.uexp" 1074
"../../../Engine/Plugins/Animation/ControlRig/Content/Controls/ControlRig_Arrow_solid.ubulk" 1075
"../../../Engine/Plugins/Animation/ControlRig/Content/Controls/ControlRig_Arrow_solid.uasset" 1076
"../../../Engine/Plugins/Animation/ControlRig/Content/Controls/ControlRig_Arrow_solid.uexp" 1077
"../../../Engine/Plugins/Animation/ControlRig/Content/Controls/ControlRig_Arrow_3mm.ubulk" 1078
"../../../Engine/Plugins/Animation/ControlRig/Content/Controls/ControlRig_Arrow_3mm.uasset" 1079
"../../../Engine/Plugins/Animation/ControlRig/Content/Controls/ControlRig_Arrow_3mm.uexp" 1080
"../../../Engine/Plugins/Animation/ControlRig/Content/Controls/ControlRig_Arrow_1mm.ubulk" 1081
"../../../Engine/Plugins/Animation/ControlRig/Content/Controls/ControlRig_Arrow_1mm.uasset" 1082
"../../../Engine/Plugins/Animation/ControlRig/Content/Controls/ControlRig_Arrow_1mm.uexp" 1083
"../../../Engine/Plugins/Animation/ControlRig/Content/Controls/ControlRig_Arrow4_solid.ubulk" 1084
"../../../Engine/Plugins/Animation/ControlRig/Content/Controls/ControlRig_Arrow4_solid.uasset" 1085
"../../../Engine/Plugins/Animation/ControlRig/Content/Controls/ControlRig_Arrow4_solid.uexp" 1086
"../../../Engine/Plugins/Animation/ControlRig/Content/Controls/ControlRig_Arrow4_3mm.ubulk" 1087
"../../../Engine/Plugins/Animation/ControlRig/Content/Controls/ControlRig_Arrow4_3mm.uasset" 1088
"../../../Engine/Plugins/Animation/ControlRig/Content/Controls/ControlRig_Arrow4_3mm.uexp" 1089
"../../../Engine/Plugins/Animation/ControlRig/Content/Controls/ControlRig_Arrow4_1mm.ubulk" 1090
"../../../Engine/Plugins/Animation/ControlRig/Content/Controls/ControlRig_Arrow4_1mm.uasset" 1091
"../../../Engine/Plugins/Animation/ControlRig/Content/Controls/ControlRig_Arrow4_1mm.uexp" 1092
"../../../Engine/Plugins/Animation/ControlRig/Content/Controls/ControlRig_Arrow2_solid.ubulk" 1093
"../../../Engine/Plugins/Animation/ControlRig/Content/Controls/ControlRig_Arrow2_solid.uasset" 1094
"../../../Engine/Plugins/Animation/ControlRig/Content/Controls/ControlRig_Arrow2_solid.uexp" 1095
"../../../Engine/Plugins/Animation/ControlRig/Content/Controls/ControlRig_Arrow2_3mm.ubulk" 1096
"../../../Engine/Plugins/Animation/ControlRig/Content/Controls/ControlRig_Arrow2_3mm.uasset" 1097
"../../../Engine/Plugins/Animation/ControlRig/Content/Controls/ControlRig_Arrow2_3mm.uexp" 1098
"../../../Engine/Plugins/Animation/ControlRig/Content/Controls/ControlRig_Arrow2_1mm.ubulk" 1099
"../../../Engine/Plugins/Animation/ControlRig/Content/Controls/ControlRig_Arrow2_1mm.uasset" 1100
"../../../Engine/Plugins/Animation/ControlRig/Content/Controls/ControlRig_Arrow2_1mm.uexp" 1101
"../../../Engine/Content/EngineSky/T_Sky_Stars.ubulk" 1102
"../../../Engine/Content/EngineSky/T_Sky_Stars.uasset" 1103
"../../../Engine/Content/EngineSky/T_Sky_Stars.uexp" 1104
"../../../Engine/Content/EngineSky/T_Sky_Clouds_M.ubulk" 1105
"../../../Engine/Content/EngineSky/T_Sky_Clouds_M.uasset" 1106
"../../../Engine/Content/EngineSky/T_Sky_Clouds_M.uexp" 1107
"../../../Engine/Content/EngineSky/T_Sky_Blue.ubulk" 1108
"../../../Engine/Content/EngineSky/T_Sky_Blue.uasset" 1109
"../../../Engine/Content/EngineSky/T_Sky_Blue.uexp" 1110
"../../../Engine/Content/EngineSky/M_Sky_Panning_Clouds2.uasset" 1111
"../../../Engine/Content/EngineSky/M_Sky_Panning_Clouds2.uexp" 1112
"../../../Engine/Content/EngineSky/SM_SkySphere.ubulk" 1113
"../../../Engine/Content/EngineSky/SM_SkySphere.uasset" 1114
"../../../Engine/Content/EngineSky/SM_SkySphere.uexp" 1115
"C:/Users/kk459/Desktop/Unreal Projects/cpsc-491-kevin-running-doubledash-game/Senior_Project491/Content/_GENERATED/kkiely/Extrude_2791DFB9.ubulk" 1116
"C:/Users/kk459/Desktop/Unreal Projects/cpsc-491-kevin-running-doubledash-game/Senior_Project491/Content/_GENERATED/kkiely/Extrude_2791DFB9.uasset" 1117
"C:/Users/kk459/Desktop/Unreal Projects/cpsc-491-kevin-running-doubledash-game/Senior_Project491/Content/_GENERATED/kkiely/Extrude_2791DFB9.uexp" 1118
"C:/Users/kk459/Desktop/Unreal Projects/cpsc-491-kevin-running-doubledash-game/Senior_Project491/Content/LevelPrototyping/Materials/M_Solid.uasset" 1119
"C:/Users/kk459/Desktop/Unreal Projects/cpsc-491-kevin-running-doubledash-game/Senior_Project491/Content/LevelPrototyping/Materials/M_Solid.uexp" 1120
"C:/Users/kk459/Desktop/Unreal Projects/cpsc-491-kevin-running-doubledash-game/Senior_Project491/Content/LevelPrototyping/Materials/MI_Solid_Blue.uasset" 1121
"C:/Users/kk459/Desktop/Unreal Projects/cpsc-491-kevin-running-doubledash-game/Senior_Project491/Content/LevelPrototyping/Materials/MI_Solid_Blue.uexp" 1122
"../../../Engine/Plugins/Interchange/Assets/Content/gltf/Textures/T_White_srgb.uasset" 1123
"../../../Engine/Plugins/Interchange/Assets/Content/gltf/Textures/T_White_srgb.uexp" 1124
"../../../Engine/Plugins/Interchange/Assets/Content/gltf/MaterialFunctions/MF_BaseColor.uasset" 1125
"../../../Engine/Plugins/Interchange/Assets/Content/gltf/MaterialFunctions/MF_BaseColor.uexp" 1126
"../../../Engine/Plugins/Interchange/Assets/Content/gltf/MaterialFunctions/MF_RotateV2.uasset" 1127
"../../../Engine/Plugins/Interchange/Assets/Content/gltf/MaterialFunctions/MF_RotateV2.uexp" 1128
"../../../Engine/Plugins/Interchange/Assets/Content/gltf/MaterialFunctions/MF_TransformUVs.uasset" 1129
"../../../Engine/Plugins/Interchange/Assets/Content/gltf/MaterialFunctions/MF_TransformUVs.uexp" 1130
"../../../Engine/Plugins/Interchange/Assets/Content/gltf/MaterialBodies/MF_Unlit_Body.uasset" 1131
"../../../Engine/Plugins/Interchange/Assets/Content/gltf/MaterialBodies/MF_Unlit_Body.uexp" 1132
"../../../Engine/Plugins/Interchange/Assets/Content/gltf/M_Unlit.uasset" 1133
"../../../Engine/Plugins/Interchange/Assets/Content/gltf/M_Unlit.uexp" 1134
"../../../Engine/Plugins/Interchange/Assets/Content/gltf/MaterialInstances/MI_Unlit_Opaque_DS.uasset" 1135
"../../../Engine/Plugins/Interchange/Assets/Content/gltf/MaterialInstances/MI_Unlit_Opaque_DS.uexp" 1136
"../../../Engine/Plugins/Interchange/Assets/Content/gltf/MaterialInstances/MI_Unlit_Opaque.uasset" 1137
"../../../Engine/Plugins/Interchange/Assets/Content/gltf/MaterialInstances/MI_Unlit_Opaque.uexp" 1138
"../../../Engine/Plugins/Interchange/Assets/Content/gltf/MaterialInstances/MI_Unlit_Mask_DS.uasset" 1139
"../../../Engine/Plugins/Interchange/Assets/Content/gltf/MaterialInstances/MI_Unlit_Mask_DS.uexp" 1140
"../../../Engine/Plugins/Interchange/Assets/Content/gltf/MaterialInstances/MI_Unlit_Mask.uasset" 1141
"../../../Engine/Plugins/Interchange/Assets/Content/gltf/MaterialInstances/MI_Unlit_Mask.uexp" 1142
"../../../Engine/Plugins/Interchange/Assets/Content/gltf/MaterialInstances/MI_Unlit_Blend_DS.uasset" 1143
"../../../Engine/Plugins/Interchange/Assets/Content/gltf/MaterialInstances/MI_Unlit_Blend_DS.uexp" 1144
"../../../Engine/Plugins/Interchange/Assets/Content/gltf/MaterialInstances/MI_Unlit_Blend.uasset" 1145
"../../../Engine/Plugins/Interchange/Assets/Content/gltf/MaterialInstances/MI_Unlit_Blend.uexp" 1146
"../../../Engine/Content/Functions/Engine_MaterialFunctions02/Math/Transform3x3Matrix.uasset" 1147
"../../../Engine/Content/Functions/Engine_MaterialFunctions02/Math/Transform3x3Matrix.uexp" 1148
"../../../Engine/Content/EngineMaterials/Good64x64TilingNoiseHighFreq.uasset" 1149
"../../../Engine/Content/EngineMaterials/Good64x64TilingNoiseHighFreq.uexp" 1150
"../../../Engine/Content/Functions/Engine_MaterialFunctions02/Texturing/ScreenAlignedPixelToPixelUVs.uasset" 1151
"../../../Engine/Content/Functions/Engine_MaterialFunctions02/Texturing/ScreenAlignedPixelToPixelUVs.uexp" 1152
"../../../Engine/Plugins/Interchange/Assets/Content/gltf/MaterialFunctions/MF_Temporal_Blur.uasset" 1153
"../../../Engine/Plugins/Interchange/Assets/Content/gltf/MaterialFunctions/MF_Temporal_Blur.uexp" 1154
"../../../Engine/Plugins/Interchange/Assets/Content/gltf/MaterialFunctions/MF_Specular.uasset" 1155
"../../../Engine/Plugins/Interchange/Assets/Content/gltf/MaterialFunctions/MF_Specular.uexp" 1156
"../../../Engine/Plugins/Interchange/Assets/Content/gltf/Textures/T_Anisotropy_Direction_Linear.uasset" 1157
"../../../Engine/Plugins/Interchange/Assets/Content/gltf/Textures/T_Anisotropy_Direction_Linear.uexp" 1158
"../../../Engine/Plugins/Interchange/Assets/Content/gltf/MaterialFunctions/MF_SpecularAnisotropy.uasset" 1159
"../../../Engine/Plugins/Interchange/Assets/Content/gltf/MaterialFunctions/MF_SpecularAnisotropy.uexp" 1160
"../../../Engine/Plugins/Interchange/Assets/Content/gltf/Textures/T_White_Linear.uasset" 1161
"../../../Engine/Plugins/Interchange/Assets/Content/gltf/Textures/T_White_Linear.uexp" 1162
"../../../Engine/Plugins/Interchange/Assets/Content/gltf/MaterialFunctions/MF_MetallicRoughness.uasset" 1163
"../../../Engine/Plugins/Interchange/Assets/Content/gltf/MaterialFunctions/MF_MetallicRoughness.uexp" 1164
"../../../Engine/Plugins/Interchange/Assets/Content/gltf/Textures/T_Generic_N.uasset" 1165
"../../../Engine/Plugins/Interchange/Assets/Content/gltf/Textures/T_Generic_N.uexp" 1166
"../../../Engine/Plugins/Interchange/Assets/Content/gltf/MaterialFunctions/MF_ScaleNormal.uasset" 1167
"../../../Engine/Plugins/Interchange/Assets/Content/gltf/MaterialFunctions/MF_ScaleNormal.uexp" 1168
"../../../Engine/Plugins/Interchange/Assets/Content/gltf/MaterialFunctions/MF_Fresnel_DS.uasset" 1169
"../../../Engine/Plugins/Interchange/Assets/Content/gltf/MaterialFunctions/MF_Fresnel_DS.uexp" 1170
"../../../Engine/Plugins/Interchange/Assets/Content/gltf/MaterialFunctions/MF_Iridescence.uasset" 1171
"../../../Engine/Plugins/Interchange/Assets/Content/gltf/MaterialFunctions/MF_Iridescence.uexp" 1172
"../../../Engine/Plugins/Interchange/Assets/Content/gltf/MaterialFunctions/MF_Occlusion.uasset" 1173
"../../../Engine/Plugins/Interchange/Assets/Content/gltf/MaterialFunctions/MF_Occlusion.uexp" 1174
"../../../Engine/Plugins/Interchange/Assets/Content/gltf/MaterialFunctions/MF_IOR.uasset" 1175
"../../../Engine/Plugins/Interchange/Assets/Content/gltf/MaterialFunctions/MF_IOR.uexp" 1176
"../../../Engine/Plugins/Interchange/Assets/Content/gltf/MaterialFunctions/MF_Transmission.uasset" 1177
"../../../Engine/Plugins/Interchange/Assets/Content/gltf/MaterialFunctions/MF_Transmission.uexp" 1178
"../../../Engine/Plugins/Interchange/Assets/Content/gltf/MaterialFunctions/MF_RotateNormals_TS.uasset" 1179
"../../../Engine/Plugins/Interchange/Assets/Content/gltf/MaterialFunctions/MF_RotateNormals_TS.uexp" 1180
"../../../Engine/Plugins/Interchange/Assets/Content/gltf/MaterialFunctions/MF_Normals.uasset" 1181
"../../../Engine/Plugins/Interchange/Assets/Content/gltf/MaterialFunctions/MF_Normals.uexp" 1182
"../../../Engine/Plugins/Interchange/Assets/Content/gltf/MaterialBodies/MF_Transmission_Body.uasset" 1183
"../../../Engine/Plugins/Interchange/Assets/Content/gltf/MaterialBodies/MF_Transmission_Body.uexp" 1184
"../../../Engine/Plugins/Interchange/Assets/Content/gltf/M_Transmission.uasset" 1185
"../../../Engine/Plugins/Interchange/Assets/Content/gltf/M_Transmission.uexp" 1186
"../../../Engine/Plugins/Interchange/Assets/Content/gltf/MaterialInstances/MI_Transmission_DS.uasset" 1187
"../../../Engine/Plugins/Interchange/Assets/Content/gltf/MaterialInstances/MI_Transmission_DS.uexp" 1188
"../../../Engine/Plugins/Interchange/Assets/Content/gltf/MaterialInstances/MI_Transmission.uasset" 1189
"../../../Engine/Plugins/Interchange/Assets/Content/gltf/MaterialInstances/MI_Transmission.uexp" 1190
"../../../Engine/Content/Functions/Engine_MaterialFunctions02/Math/AddComponents.uasset" 1191
"../../../Engine/Content/Functions/Engine_MaterialFunctions02/Math/AddComponents.uexp" 1192
"../../../Engine/Plugins/Interchange/Assets/Content/gltf/MaterialFunctions/MF_DiffuseSpecGloss.uasset" 1193
"../../../Engine/Plugins/Interchange/Assets/Content/gltf/MaterialFunctions/MF_DiffuseSpecGloss.uexp" 1194
"../../../Engine/Plugins/Interchange/Assets/Content/gltf/MaterialFunctions/MF_Emissive.uasset" 1195
"../../../Engine/Plugins/Interchange/Assets/Content/gltf/MaterialFunctions/MF_Emissive.uexp" 1196
"../../../Engine/Plugins/Interchange/Assets/Content/gltf/MaterialFunctions/MF_PerceivedBrightness.uasset" 1197
"../../../Engine/Plugins/Interchange/Assets/Content/gltf/MaterialFunctions/MF_PerceivedBrightness.uexp" 1198
"../../../Engine/Plugins/Interchange/Assets/Content/gltf/MaterialFunctions/MF_SpecGlossToMetalRoughness.uasset" 1199
"../../../Engine/Plugins/Interchange/Assets/Content/gltf/MaterialFunctions/MF_SpecGlossToMetalRoughness.uexp" 1200
"../../../Engine/Plugins/Interchange/Assets/Content/gltf/MaterialFunctions/MF_MaxComponentValue.uasset" 1201
"../../../Engine/Plugins/Interchange/Assets/Content/gltf/MaterialFunctions/MF_MaxComponentValue.uexp" 1202
"../../../Engine/Plugins/Interchange/Assets/Content/gltf/MaterialBodies/MF_SpecularGlossiness_Body.uasset" 1203
"../../../Engine/Plugins/Interchange/Assets/Content/gltf/MaterialBodies/MF_SpecularGlossiness_Body.uexp" 1204
"../../../Engine/Plugins/Interchange/Assets/Content/gltf/M_SpecularGlossiness.uasset" 1205
"../../../Engine/Plugins/Interchange/Assets/Content/gltf/M_SpecularGlossiness.uexp" 1206
"../../../Engine/Plugins/Interchange/Assets/Content/gltf/MaterialInstances/MI_SpecularGlossiness_Opaque_DS.uasset" 1207
"../../../Engine/Plugins/Interchange/Assets/Content/gltf/MaterialInstances/MI_SpecularGlossiness_Opaque_DS.uexp" 1208
"../../../Engine/Plugins/Interchange/Assets/Content/gltf/MaterialInstances/MI_SpecularGlossiness_Opaque.uasset" 1209
"../../../Engine/Plugins/Interchange/Assets/Content/gltf/MaterialInstances/MI_SpecularGlossiness_Opaque.uexp" 1210
"../../../Engine/Plugins/Interchange/Assets/Content/gltf/MaterialInstances/MI_SpecularGlossiness_Mask_DS.uasset" 1211
"../../../Engine/Plugins/Interchange/Assets/Content/gltf/MaterialInstances/MI_SpecularGlossiness_Mask_DS.uexp" 1212
"../../../Engine/Plugins/Interchange/Assets/Content/gltf/MaterialInstances/MI_SpecularGlossiness_Mask.uasset" 1213
"../../../Engine/Plugins/Interchange/Assets/Content/gltf/MaterialInstances/MI_SpecularGlossiness_Mask.uexp" 1214
"../../../Engine/Plugins/Interchange/Assets/Content/gltf/MaterialInstances/MI_SpecularGlossiness_Blend_DS.uasset" 1215
"../../../Engine/Plugins/Interchange/Assets/Content/gltf/MaterialInstances/MI_SpecularGlossiness_Blend_DS.uexp" 1216
"../../../Engine/Plugins/Interchange/Assets/Content/gltf/MaterialInstances/MI_SpecularGlossiness_Blend.uasset" 1217
"../../../Engine/Plugins/Interchange/Assets/Content/gltf/MaterialInstances/MI_SpecularGlossiness_Blend.uexp" 1218
"../../../Engine/Plugins/Interchange/Assets/Content/gltf/MaterialFunctions/MF_Sheen.uasset" 1219
"../../../Engine/Plugins/Interchange/Assets/Content/gltf/MaterialFunctions/MF_Sheen.uexp" 1220
"../../../Engine/Plugins/Interchange/Assets/Content/gltf/MaterialBodies/MF_Sheen_Body.uasset" 1221
"../../../Engine/Plugins/Interchange/Assets/Content/gltf/MaterialBodies/MF_Sheen_Body.uexp" 1222
"../../../Engine/Plugins/Interchange/Assets/Content/gltf/M_Sheen.uasset" 1223
"../../../Engine/Plugins/Interchange/Assets/Content/gltf/M_Sheen.uexp" 1224
"../../../Engine/Plugins/Interchange/Assets/Content/gltf/MaterialInstances/MI_Sheen_Opaque_DS.uasset" 1225
"../../../Engine/Plugins/Interchange/Assets/Content/gltf/MaterialInstances/MI_Sheen_Opaque_DS.uexp" 1226
"../../../Engine/Plugins/Interchange/Assets/Content/gltf/MaterialInstances/MI_Sheen_Opaque.uasset" 1227
"../../../Engine/Plugins/Interchange/Assets/Content/gltf/MaterialInstances/MI_Sheen_Opaque.uexp" 1228
"../../../Engine/Plugins/Interchange/Assets/Content/gltf/MaterialInstances/MI_Sheen_Mask_DS.uasset" 1229
"../../../Engine/Plugins/Interchange/Assets/Content/gltf/MaterialInstances/MI_Sheen_Mask_DS.uexp" 1230
"../../../Engine/Plugins/Interchange/Assets/Content/gltf/MaterialInstances/MI_Sheen_Mask.uasset" 1231
"../../../Engine/Plugins/Interchange/Assets/Content/gltf/MaterialInstances/MI_Sheen_Mask.uexp" 1232
"../../../Engine/Plugins/Interchange/Assets/Content/gltf/MaterialInstances/MI_Sheen_Blend_DS.uasset" 1233
"../../../Engine/Plugins/Interchange/Assets/Content/gltf/MaterialInstances/MI_Sheen_Blend_DS.uexp" 1234
"../../../Engine/Plugins/Interchange/Assets/Content/gltf/MaterialInstances/MI_Sheen_Blend.uasset" 1235
"../../../Engine/Plugins/Interchange/Assets/Content/gltf/MaterialInstances/MI_Sheen_Blend.uexp" 1236
"../../../Engine/Plugins/Interchange/Assets/Content/gltf/MaterialBodies/MF_Default_Body.uasset" 1237
"../../../Engine/Plugins/Interchange/Assets/Content/gltf/MaterialBodies/MF_Default_Body.uexp" 1238
"../../../Engine/Plugins/Interchange/Assets/Content/gltf/M_Default.uasset" 1239
"../../../Engine/Plugins/Interchange/Assets/Content/gltf/M_Default.uexp" 1240
"../../../Engine/Plugins/Interchange/Assets/Content/gltf/MaterialInstances/MI_Default_Opaque_DS.uasset" 1241
"../../../Engine/Plugins/Interchange/Assets/Content/gltf/MaterialInstances/MI_Default_Opaque_DS.uexp" 1242
"../../../Engine/Plugins/Interchange/Assets/Content/gltf/MaterialInstances/MI_Default_Opaque.uasset" 1243
"../../../Engine/Plugins/Interchange/Assets/Content/gltf/MaterialInstances/MI_Default_Opaque.uexp" 1244
"../../../Engine/Plugins/Interchange/Assets/Content/gltf/MaterialInstances/MI_Default_Mask_DS.uasset" 1245
"../../../Engine/Plugins/Interchange/Assets/Content/gltf/MaterialInstances/MI_Default_Mask_DS.uexp" 1246
"../../../Engine/Plugins/Interchange/Assets/Content/gltf/MaterialInstances/MI_Default_Mask.uasset" 1247
"../../../Engine/Plugins/Interchange/Assets/Content/gltf/MaterialInstances/MI_Default_Mask.uexp" 1248
"../../../Engine/Plugins/Interchange/Assets/Content/gltf/MaterialInstances/MI_Default_Blend_DS.uasset" 1249
"../../../Engine/Plugins/Interchange/Assets/Content/gltf/MaterialInstances/MI_Default_Blend_DS.uexp" 1250
"../../../Engine/Plugins/Interchange/Assets/Content/gltf/MaterialInstances/MI_Default_Blend.uasset" 1251
"../../../Engine/Plugins/Interchange/Assets/Content/gltf/MaterialInstances/MI_Default_Blend.uexp" 1252
"../../../Engine/Content/Functions/Engine_MaterialFunctions01/Texturing/FlattenNormal.uasset" 1253
"../../../Engine/Content/Functions/Engine_MaterialFunctions01/Texturing/FlattenNormal.uexp" 1254
"../../../Engine/Plugins/Interchange/Assets/Content/gltf/MaterialFunctions/MF_Clearcoat.uasset" 1255
"../../../Engine/Plugins/Interchange/Assets/Content/gltf/MaterialFunctions/MF_Clearcoat.uexp" 1256
"../../../Engine/Plugins/Interchange/Assets/Content/gltf/MaterialBodies/MF_ClearCoat_Body.uasset" 1257
"../../../Engine/Plugins/Interchange/Assets/Content/gltf/MaterialBodies/MF_ClearCoat_Body.uexp" 1258
"../../../Engine/Plugins/Interchange/Assets/Content/gltf/M_ClearCoat.uasset" 1259
"../../../Engine/Plugins/Interchange/Assets/Content/gltf/M_ClearCoat.uexp" 1260
"../../../Engine/Plugins/Interchange/Assets/Content/gltf/MaterialInstances/MI_ClearCoat_Opaque_DS.uasset" 1261
"../../../Engine/Plugins/Interchange/Assets/Content/gltf/MaterialInstances/MI_ClearCoat_Opaque_DS.uexp" 1262
"../../../Engine/Plugins/Interchange/Assets/Content/gltf/MaterialInstances/MI_ClearCoat_Opaque.uasset" 1263
"../../../Engine/Plugins/Interchange/Assets/Content/gltf/MaterialInstances/MI_ClearCoat_Opaque.uexp" 1264
"../../../Engine/Plugins/Interchange/Assets/Content/gltf/MaterialInstances/MI_ClearCoat_Mask_DS.uasset" 1265
"../../../Engine/Plugins/Interchange/Assets/Content/gltf/MaterialInstances/MI_ClearCoat_Mask_DS.uexp" 1266
"../../../Engine/Plugins/Interchange/Assets/Content/gltf/MaterialInstances/MI_ClearCoat_Mask.uasset" 1267
"../../../Engine/Plugins/Interchange/Assets/Content/gltf/MaterialInstances/MI_ClearCoat_Mask.uexp" 1268
"../../../Engine/Plugins/Interchange/Assets/Content/gltf/MaterialInstances/MI_ClearCoat_Blend_DS.uasset" 1269
"../../../Engine/Plugins/Interchange/Assets/Content/gltf/MaterialInstances/MI_ClearCoat_Blend_DS.uexp" 1270
"../../../Engine/Plugins/Interchange/Assets/Content/gltf/MaterialInstances/MI_ClearCoat_Blend.uasset" 1271
"../../../Engine/Plugins/Interchange/Assets/Content/gltf/MaterialInstances/MI_ClearCoat_Blend.uexp" 1272
"../../../Engine/Content/VREditor/LaserPointer/VR_LaserPower_01.ubulk" 1273
"../../../Engine/Content/VREditor/LaserPointer/VR_LaserPower_01.uasset" 1274
"../../../Engine/Content/VREditor/LaserPointer/VR_LaserPower_01.uexp" 1275
"../../../Engine/Content/VREditor/TransformGizmo/TransformGizmoMaterial.uasset" 1276
"../../../Engine/Content/VREditor/TransformGizmo/TransformGizmoMaterial.uexp" 1277
"../../../Engine/Content/VREditor/TransformGizmo/TranslucentTransformGizmoMaterial.uasset" 1278
"../../../Engine/Content/VREditor/TransformGizmo/TranslucentTransformGizmoMaterial.uexp" 1279
"../../../Engine/Content/VREditor/TransformGizmo/BoundingBoxEdge.ubulk" 1280
"../../../Engine/Content/VREditor/TransformGizmo/BoundingBoxEdge.uasset" 1281
"../../../Engine/Content/VREditor/TransformGizmo/BoundingBoxEdge.uexp" 1282
"../../../Engine/Content/VREditor/TransformGizmo/BoundingBoxCorner.ubulk" 1283
"../../../Engine/Content/VREditor/TransformGizmo/BoundingBoxCorner.uasset" 1284
"../../../Engine/Content/VREditor/TransformGizmo/BoundingBoxCorner.uexp" 1285
"../../../Engine/Content/EngineSky/VolumetricClouds/T_CloudMask.ubulk" 1286
"../../../Engine/Content/EngineSky/VolumetricClouds/T_CloudMask.uasset" 1287
"../../../Engine/Content/EngineSky/VolumetricClouds/T_CloudMask.uexp" 1288
"../../../Engine/Content/EngineSky/VolumetricClouds/VT_Lightning.uasset" 1289
"../../../Engine/Content/EngineSky/VolumetricClouds/VT_Lightning.uexp" 1290
"../../../Engine/Content/EngineSky/VolumetricClouds/T_Profile_08.ubulk" 1291
"../../../Engine/Content/EngineSky/VolumetricClouds/T_Profile_08.uasset" 1292
"../../../Engine/Content/EngineSky/VolumetricClouds/T_Profile_08.uexp" 1293
"../../../Engine/Content/Functions/Engine_MaterialFunctions02/Utility/MakeFloat4.uasset" 1294
"../../../Engine/Content/Functions/Engine_MaterialFunctions02/Utility/MakeFloat4.uexp" 1295
"../../../Engine/Content/Functions/Engine_MaterialFunctions01/Units/Km-to-Cm.uasset" 1296
"../../../Engine/Content/Functions/Engine_MaterialFunctions01/Units/Km-to-Cm.uexp" 1297
"../../../Engine/Content/Functions/Engine_MaterialFunctions02/Utility/BreakOutFloat4Components.uasset" 1298
"../../../Engine/Content/Functions/Engine_MaterialFunctions02/Utility/BreakOutFloat4Components.uexp" 1299
"../../../Engine/Content/EngineSky/VolumetricClouds/T_CloudPattern.ubulk" 1300
"../../../Engine/Content/EngineSky/VolumetricClouds/T_CloudPattern.uasset" 1301
"../../../Engine/Content/EngineSky/VolumetricClouds/T_CloudPattern.uexp" 1302
"../../../Engine/Content/EngineSky/VolumetricClouds/VT_PerlinWorley_Balanced.uasset" 1303
"../../../Engine/Content/EngineSky/VolumetricClouds/VT_PerlinWorley_Balanced.uexp" 1304
"../../../Engine/Content/EngineSky/VolumetricClouds/m_SimpleVolumetricCloud.uasset" 1305
"../../../Engine/Content/EngineSky/VolumetricClouds/m_SimpleVolumetricCloud.uexp" 1306
"../../../Engine/Content/EngineSky/VolumetricClouds/m_SimpleVolumetricCloud_Inst.uasset" 1307
"../../../Engine/Content/EngineSky/VolumetricClouds/m_SimpleVolumetricCloud_Inst.uexp" 1308
"../../../Engine/Content/EditorMaterials/Camera/CineMat.uasset" 1309
"../../../Engine/Content/EditorMaterials/Camera/CineMat.uexp" 1310
"../../../Engine/Content/EditorMaterials/Camera/MI_CineMat_Rig.uasset" 1311
"../../../Engine/Content/EditorMaterials/Camera/MI_CineMat_Rig.uexp" 1312
"../../../Engine/Content/EditorMeshes/Camera/SM_RailRig_Track.ubulk" 1313
"../../../Engine/Content/EditorMeshes/Camera/SM_RailRig_Track.uasset" 1314
"../../../Engine/Content/EditorMeshes/Camera/SM_RailRig_Track.uexp" 1315
"../../../Engine/Content/EditorMeshes/Camera/SM_RailRig_Mount.ubulk" 1316
"../../../Engine/Content/EditorMeshes/Camera/SM_RailRig_Mount.uasset" 1317
"../../../Engine/Content/EditorMeshes/Camera/SM_RailRig_Mount.uexp" 1318
"../../../Engine/Content/EditorMeshes/Camera/SM_CraneRig_Mount.ubulk" 1319
"../../../Engine/Content/EditorMeshes/Camera/SM_CraneRig_Mount.uasset" 1320
"../../../Engine/Content/EditorMeshes/Camera/SM_CraneRig_Mount.uexp" 1321
"../../../Engine/Content/EditorMeshes/Camera/SM_CraneRig_Body.ubulk" 1322
"../../../Engine/Content/EditorMeshes/Camera/SM_CraneRig_Body.uasset" 1323
"../../../Engine/Content/EditorMeshes/Camera/SM_CraneRig_Body.uexp" 1324
"../../../Engine/Content/EditorMeshes/Camera/SM_CraneRig_Base.ubulk" 1325
"../../../Engine/Content/EditorMeshes/Camera/SM_CraneRig_Base.uasset" 1326
"../../../Engine/Content/EditorMeshes/Camera/SM_CraneRig_Base.uexp" 1327
"../../../Engine/Content/EditorMeshes/Camera/SM_CraneRig_Arm.ubulk" 1328
"../../../Engine/Content/EditorMeshes/Camera/SM_CraneRig_Arm.uasset" 1329
"../../../Engine/Content/EditorMeshes/Camera/SM_CraneRig_Arm.uexp" 1330
"../../../Engine/Content/MapTemplates/Sky/DaylightAmbientCubemap.uasset" 1331
"../../../Engine/Content/MapTemplates/Sky/DaylightAmbientCubemap.uexp" 1332
"C:/Users/kk459/Desktop/Unreal Projects/cpsc-491-kevin-running-doubledash-game/Senior_Project491/Content/StarterContent/Blueprints/Assets/M_LightStage_Skybox_Master.uasset" 1333
"C:/Users/kk459/Desktop/Unreal Projects/cpsc-491-kevin-running-doubledash-game/Senior_Project491/Content/StarterContent/Blueprints/Assets/M_LightStage_Skybox_Master.uexp" 1334
"C:/Users/kk459/Desktop/Unreal Projects/cpsc-491-kevin-running-doubledash-game/Senior_Project491/Content/StarterContent/Blueprints/Assets/M_LightStage_Skybox_HDRI.uasset" 1335
"C:/Users/kk459/Desktop/Unreal Projects/cpsc-491-kevin-running-doubledash-game/Senior_Project491/Content/StarterContent/Blueprints/Assets/M_LightStage_Skybox_HDRI.uexp" 1336
"../../../Engine/Content/ArtTools/RenderToTexture/Meshes/S_1_Unit_Plane.ubulk" 1337
"../../../Engine/Content/ArtTools/RenderToTexture/Meshes/S_1_Unit_Plane.uasset" 1338
"../../../Engine/Content/ArtTools/RenderToTexture/Meshes/S_1_Unit_Plane.uexp" 1339
"../../../Engine/Content/VREditor/TransformGizmo/StartRotationHandleIndicator.ubulk" 1340
"../../../Engine/Content/VREditor/TransformGizmo/StartRotationHandleIndicator.uasset" 1341
"../../../Engine/Content/VREditor/TransformGizmo/StartRotationHandleIndicator.uexp" 1342
"../../../Engine/Content/VREditor/Sounds/UI/Drop_Item_From_ContentBrowser.ubulk" 1343
"../../../Engine/Content/VREditor/Sounds/UI/Drop_Item_From_ContentBrowser.uasset" 1344
"../../../Engine/Content/VREditor/Sounds/UI/Drop_Item_From_ContentBrowser.uexp" 1345
"../../../Engine/Content/VREditor/TransformGizmo/PlaneTranslationHandle.ubulk" 1346
"../../../Engine/Content/VREditor/TransformGizmo/PlaneTranslationHandle.uasset" 1347
"../../../Engine/Content/VREditor/TransformGizmo/PlaneTranslationHandle.uexp" 1348
"../../../Engine/Content/VREditor/Sounds/UI/Object_Snaps_To_Grid.ubulk" 1349
"../../../Engine/Content/VREditor/Sounds/UI/Object_Snaps_To_Grid.uasset" 1350
"../../../Engine/Content/VREditor/Sounds/UI/Object_Snaps_To_Grid.uexp" 1351
"../../../Engine/Content/VREditor/Sounds/UI/Selection_Changes.ubulk" 1352
"../../../Engine/Content/VREditor/Sounds/UI/Selection_Changes.uasset" 1353
"../../../Engine/Content/VREditor/Sounds/UI/Selection_Changes.uexp" 1354
"../../../Engine/Content/VREditor/Sounds/UI/Object_Snaps_To_Another_Actor.ubulk" 1355
"../../../Engine/Content/VREditor/Sounds/UI/Object_Snaps_To_Another_Actor.uasset" 1356
"../../../Engine/Content/VREditor/Sounds/UI/Object_Snaps_To_Another_Actor.uexp" 1357
"../../../Engine/Content/VREditor/TransformGizmo/TranslucentTransformGizmoMaterial_Inst.uasset" 1358
"../../../Engine/Content/VREditor/TransformGizmo/TranslucentTransformGizmoMaterial_Inst.uexp" 1359
"../../../Engine/Content/VREditor/TransformGizmo/TransformGizmoFreeRotation.ubulk" 1360
"../../../Engine/Content/VREditor/TransformGizmo/TransformGizmoFreeRotation.uasset" 1361
"../../../Engine/Content/VREditor/TransformGizmo/TransformGizmoFreeRotation.uexp" 1362
"../../../Engine/Content/VREditor/Sounds/UI/Scaling_Down.ubulk" 1363
"../../../Engine/Content/VREditor/Sounds/UI/Scaling_Down.uasset" 1364
"../../../Engine/Content/VREditor/Sounds/UI/Scaling_Down.uexp" 1365
"../../../Engine/Content/Functions/Engine_MaterialFunctions02/SplitComponents.uasset" 1366
"../../../Engine/Content/Functions/Engine_MaterialFunctions02/SplitComponents.uexp" 1367
"../../../Engine/Content/VREditor/SnapGrid/SnapGridMaterial.uasset" 1368
"../../../Engine/Content/VREditor/SnapGrid/SnapGridMaterial.uexp" 1369
"../../../Engine/Content/VREditor/SnapGrid/SnapGridPlaneMesh.ubulk" 1370
"../../../Engine/Content/VREditor/SnapGrid/SnapGridPlaneMesh.uasset" 1371
"../../../Engine/Content/VREditor/SnapGrid/SnapGridPlaneMesh.uexp" 1372
"../../../Engine/Content/VREditor/Sounds/UI/Scaling_Up.ubulk" 1373
"../../../Engine/Content/VREditor/Sounds/UI/Scaling_Up.uasset" 1374
"../../../Engine/Content/VREditor/Sounds/UI/Scaling_Up.uexp" 1375
"../../../Engine/Content/VREditor/TransformGizmo/TransformGizmoMaterial_Inst.uasset" 1376
"../../../Engine/Content/VREditor/TransformGizmo/TransformGizmoMaterial_Inst.uexp" 1377
"../../../Engine/Content/VREditor/Sounds/UI/Gizmo_Handle_Clicked.ubulk" 1378
"../../../Engine/Content/VREditor/Sounds/UI/Gizmo_Handle_Clicked.uasset" 1379
"../../../Engine/Content/VREditor/Sounds/UI/Gizmo_Handle_Clicked.uexp" 1380
"../../../Engine/Content/VREditor/TransformGizmo/RotationHandleQuarter.ubulk" 1381
"../../../Engine/Content/VREditor/TransformGizmo/RotationHandleQuarter.uasset" 1382
"../../../Engine/Content/VREditor/TransformGizmo/RotationHandleQuarter.uexp" 1383
"../../../Engine/Content/VREditor/TransformGizmo/TranslateArrowHandle.ubulk" 1384
"../../../Engine/Content/VREditor/TransformGizmo/TranslateArrowHandle.uasset" 1385
"../../../Engine/Content/VREditor/TransformGizmo/TranslateArrowHandle.uexp" 1386
"../../../Engine/Content/VREditor/TransformGizmo/RotationHandleIndicator.ubulk" 1387
"../../../Engine/Content/VREditor/TransformGizmo/RotationHandleIndicator.uasset" 1388
"../../../Engine/Content/VREditor/TransformGizmo/RotationHandleIndicator.uexp" 1389
"../../../Engine/Content/VREditor/TransformGizmo/UniformScaleHandle.ubulk" 1390
"../../../Engine/Content/VREditor/TransformGizmo/UniformScaleHandle.uasset" 1391
"../../../Engine/Content/VREditor/TransformGizmo/UniformScaleHandle.uexp" 1392
"../../../Engine/Content/VREditor/TransformGizmo/RotationHandleFull.ubulk" 1393
"../../../Engine/Content/VREditor/TransformGizmo/RotationHandleFull.uasset" 1394
"../../../Engine/Content/VREditor/TransformGizmo/RotationHandleFull.uexp" 1395
"../../../Engine/Content/VREditor/Sounds/UI/Object_PickUp.ubulk" 1396
"../../../Engine/Content/VREditor/Sounds/UI/Object_PickUp.uasset" 1397
"../../../Engine/Content/VREditor/Sounds/UI/Object_PickUp.uexp" 1398
"../../../Engine/Plugins/Animation/DeformerGraph/Content/DeformerFunctions/DG_Function_ComputeNormalsTangents.uasset" 1399
"../../../Engine/Plugins/Animation/DeformerGraph/Content/DeformerFunctions/DG_Function_ComputeNormalsTangents.uexp" 1400
"../../../Engine/Plugins/Animation/DeformerGraph/Content/DeformerFunctions/DG_Function_LinearBlendSkin_Morph_Cloth.uasset" 1401
"../../../Engine/Plugins/Animation/DeformerGraph/Content/DeformerFunctions/DG_Function_LinearBlendSkin_Morph_Cloth.uexp" 1402
"../../../Engine/Plugins/Animation/DeformerGraph/Content/DeformerFunctions/DG_Function_LinearBlendSkin_Morph_Cloth_PositionOnly.uasset" 1403
"../../../Engine/Plugins/Animation/DeformerGraph/Content/DeformerFunctions/DG_Function_LinearBlendSkin_Morph_Cloth_PositionOnly.uexp" 1404
"../../../Engine/Plugins/Animation/DeformerGraph/Content/Deformers/DG_LinearBlendSkin_Morph_Cloth.uasset" 1405
"../../../Engine/Plugins/Animation/DeformerGraph/Content/Deformers/DG_LinearBlendSkin_Morph_Cloth.uexp" 1406
"../../../Engine/Plugins/Animation/DeformerGraph/Content/Deformers/DG_LinearBlendSkin_Morph_Cloth_RecomputeNormals.uasset" 1407
"../../../Engine/Plugins/Animation/DeformerGraph/Content/Deformers/DG_LinearBlendSkin_Morph_Cloth_RecomputeNormals.uexp" 1408
"../../../Engine/Content/EngineResources/LandscapeVisibilityLayerInfo.uasset" 1409
"../../../Engine/Content/EngineResources/LandscapeVisibilityLayerInfo.uexp" 1410
"../../../Engine/Plugins/NNE/NNEDenoiser/Content/NNEDT_Oidn2-3_Balanced.uasset" 1411
"../../../Engine/Plugins/NNE/NNEDenoiser/Content/NNEDT_Oidn2-3_Balanced.uexp" 1412
"../../../Engine/Plugins/NNE/NNEDenoiser/Content/NNEDT_Oidn2-3_Balanced_Alpha.uasset" 1413
"../../../Engine/Plugins/NNE/NNEDenoiser/Content/NNEDT_Oidn2-3_Balanced_Alpha.uexp" 1414
"../../../Engine/Plugins/NNE/NNEDenoiser/Content/NNED_Oidn2-3_Balanced.uasset" 1415
"../../../Engine/Plugins/NNE/NNEDenoiser/Content/NNED_Oidn2-3_Balanced.uexp" 1416
"../../../Engine/Plugins/NNE/NNEDenoiser/Content/NNED_Oidn2-3_Balanced_Alpha.uasset" 1417
"../../../Engine/Plugins/NNE/NNEDenoiser/Content/NNED_Oidn2-3_Balanced_Alpha.uexp" 1418
"../../../Engine/Plugins/NNE/NNEDenoiser/Content/NNED_Oidn2-3_Fast.uasset" 1419
"../../../Engine/Plugins/NNE/NNEDenoiser/Content/NNED_Oidn2-3_Fast.uexp" 1420
"../../../Engine/Plugins/NNE/NNEDenoiser/Content/NNED_Oidn2-3_Fast_Alpha.uasset" 1421
"../../../Engine/Plugins/NNE/NNEDenoiser/Content/NNED_Oidn2-3_Fast_Alpha.uexp" 1422
"../../../Engine/Plugins/NNE/NNEDenoiser/Content/NNED_Oidn2-3_HighQuality.uasset" 1423
"../../../Engine/Plugins/NNE/NNEDenoiser/Content/NNED_Oidn2-3_HighQuality.uexp" 1424
"../../../Engine/Plugins/NNE/NNEDenoiser/Content/NNED_Oidn2-3_HighQuality_Alpha.uasset" 1425
"../../../Engine/Plugins/NNE/NNEDenoiser/Content/NNED_Oidn2-3_HighQuality_Alpha.uexp" 1426
"../../../Engine/Plugins/NNE/NNEDenoiser/Content/NNE_oidn2-3-0_rt_hdr_alb_nrm_small__dyn__fp16_opset11_DenoiseAlpha.uasset" 1427
"../../../Engine/Plugins/NNE/NNEDenoiser/Content/NNE_oidn2-3-0_rt_hdr_alb_nrm_small__dyn__fp16_opset11_DenoiseAlpha.uexp" 1428
"../../../Engine/Plugins/NNE/NNEDenoiser/Content/NNE_oidn2-3-0_rt_hdr_alb_nrm_small__dyn__fp16_opset11_ForwardAlpha.uasset" 1429
"../../../Engine/Plugins/NNE/NNEDenoiser/Content/NNE_oidn2-3-0_rt_hdr_alb_nrm_small__dyn__fp16_opset11_ForwardAlpha.uexp" 1430
"../../../Engine/Plugins/NNE/NNEDenoiser/Content/NNE_oidn2-3-0_rt_hdr_alb_nrm__dyn__fp16_opset11_DenoiseAlpha.uasset" 1431
"../../../Engine/Plugins/NNE/NNEDenoiser/Content/NNE_oidn2-3-0_rt_hdr_alb_nrm__dyn__fp16_opset11_DenoiseAlpha.uexp" 1432
"../../../Engine/Plugins/NNE/NNEDenoiser/Content/NNE_oidn2-3-0_rt_hdr_alb_nrm__dyn__fp16_opset11_ForwardAlpha.uasset" 1433
"../../../Engine/Plugins/NNE/NNEDenoiser/Content/NNE_oidn2-3-0_rt_hdr_alb_nrm__dyn__fp16_opset11_ForwardAlpha.uexp" 1434
"../../../Engine/Plugins/NNE/NNEDenoiser/Content/NNE_oidn2-3-0_rt_hdr_calb_cnrm_large__dyn__fp16_opset11_DenoiseAlpha.uasset" 1435
"../../../Engine/Plugins/NNE/NNEDenoiser/Content/NNE_oidn2-3-0_rt_hdr_calb_cnrm_large__dyn__fp16_opset11_DenoiseAlpha.uexp" 1436
"../../../Engine/Plugins/NNE/NNEDenoiser/Content/NNE_oidn2-3-0_rt_hdr_calb_cnrm_large__dyn__fp16_opset11_ForwardAlpha.uasset" 1437
"../../../Engine/Plugins/NNE/NNEDenoiser/Content/NNE_oidn2-3-0_rt_hdr_calb_cnrm_large__dyn__fp16_opset11_ForwardAlpha.uexp" 1438
"C:/Users/kk459/Desktop/Unreal Projects/cpsc-491-kevin-running-doubledash-game/Senior_Project491/Content/IntroSequence.uasset" 1439
"C:/Users/kk459/Desktop/Unreal Projects/cpsc-491-kevin-running-doubledash-game/Senior_Project491/Content/IntroSequence.uexp" 1440
"C:/Users/kk459/Desktop/Unreal Projects/cpsc-491-kevin-running-doubledash-game/Senior_Project491/Content/Level1.uexp" 1441
"C:/Users/kk459/Desktop/Unreal Projects/cpsc-491-kevin-running-doubledash-game/Senior_Project491/Content/Level1.ubulk" 1442
"C:/Users/kk459/Desktop/Unreal Projects/cpsc-491-kevin-running-doubledash-game/Senior_Project491/Content/Level1.umap" 1443
"C:/Users/kk459/Desktop/Unreal Projects/cpsc-491-kevin-running-doubledash-game/Senior_Project491/Content/Level2.uexp" 1444
"C:/Users/kk459/Desktop/Unreal Projects/cpsc-491-kevin-running-doubledash-game/Senior_Project491/Content/Level2.ubulk" 1445
"C:/Users/kk459/Desktop/Unreal Projects/cpsc-491-kevin-running-doubledash-game/Senior_Project491/Content/Level2.umap" 1446
"C:/Users/kk459/Desktop/Unreal Projects/cpsc-491-kevin-running-doubledash-game/Senior_Project491/Content/Level3.uexp" 1447
"C:/Users/kk459/Desktop/Unreal Projects/cpsc-491-kevin-running-doubledash-game/Senior_Project491/Content/Level3.ubulk" 1448
"C:/Users/kk459/Desktop/Unreal Projects/cpsc-491-kevin-running-doubledash-game/Senior_Project491/Content/Level3.umap" 1449
"C:/Users/kk459/Desktop/Unreal Projects/cpsc-491-kevin-running-doubledash-game/Senior_Project491/Content/Kevin-Running-Double-Dash-Menu-Button-6.uasset" 1450
"C:/Users/kk459/Desktop/Unreal Projects/cpsc-491-kevin-running-doubledash-game/Senior_Project491/Content/Kevin-Running-Double-Dash-Menu-Button-6.uexp" 1451
"C:/Users/kk459/Desktop/Unreal Projects/cpsc-491-kevin-running-doubledash-game/Senior_Project491/Content/Images/2025-01-17_23-55.uasset" 1452
"C:/Users/kk459/Desktop/Unreal Projects/cpsc-491-kevin-running-doubledash-game/Senior_Project491/Content/Images/2025-01-17_23-55.uexp" 1453
"C:/Users/kk459/Desktop/Unreal Projects/cpsc-491-kevin-running-doubledash-game/Senior_Project491/Content/GameOver.uasset" 1454
"C:/Users/kk459/Desktop/Unreal Projects/cpsc-491-kevin-running-doubledash-game/Senior_Project491/Content/GameOver.uexp" 1455
"C:/Users/kk459/Desktop/Unreal Projects/cpsc-491-kevin-running-doubledash-game/Senior_Project491/Content/Menu1.uexp" 1456
"C:/Users/kk459/Desktop/Unreal Projects/cpsc-491-kevin-running-doubledash-game/Senior_Project491/Content/Menu1.umap" 1457
"C:/Users/kk459/Desktop/Unreal Projects/cpsc-491-kevin-running-doubledash-game/Senior_Project491/Content/Images/Kevin-Menu-Icon.uasset" 1458
"C:/Users/kk459/Desktop/Unreal Projects/cpsc-491-kevin-running-doubledash-game/Senior_Project491/Content/Images/Kevin-Menu-Icon.uexp" 1459
"C:/Users/kk459/Desktop/Unreal Projects/cpsc-491-kevin-running-doubledash-game/Senior_Project491/Content/Tim-Menu-Icon.uasset" 1460
"C:/Users/kk459/Desktop/Unreal Projects/cpsc-491-kevin-running-doubledash-game/Senior_Project491/Content/Tim-Menu-Icon.uexp" 1461
"C:/Users/kk459/Desktop/Unreal Projects/cpsc-491-kevin-running-doubledash-game/Senior_Project491/Content/Selection2-1.uasset" 1462
"C:/Users/kk459/Desktop/Unreal Projects/cpsc-491-kevin-running-doubledash-game/Senior_Project491/Content/Selection2-1.uexp" 1463
"C:/Users/kk459/Desktop/Unreal Projects/cpsc-491-kevin-running-doubledash-game/Senior_Project491/Content/Menu2-1.uexp" 1464
"C:/Users/kk459/Desktop/Unreal Projects/cpsc-491-kevin-running-doubledash-game/Senior_Project491/Content/Menu2-1.umap" 1465
"C:/Users/kk459/Desktop/Unreal Projects/cpsc-491-kevin-running-doubledash-game/Senior_Project491/Content/Selection2-2.uasset" 1466
"C:/Users/kk459/Desktop/Unreal Projects/cpsc-491-kevin-running-doubledash-game/Senior_Project491/Content/Selection2-2.uexp" 1467
"C:/Users/kk459/Desktop/Unreal Projects/cpsc-491-kevin-running-doubledash-game/Senior_Project491/Content/Menu2-2.uexp" 1468
"C:/Users/kk459/Desktop/Unreal Projects/cpsc-491-kevin-running-doubledash-game/Senior_Project491/Content/Menu2-2.umap" 1469
"C:/Users/kk459/Desktop/Unreal Projects/cpsc-491-kevin-running-doubledash-game/Senior_Project491/Content/Kevin-Running-Double-Dash-Menu-Button-4.uasset" 1470
"C:/Users/kk459/Desktop/Unreal Projects/cpsc-491-kevin-running-doubledash-game/Senior_Project491/Content/Kevin-Running-Double-Dash-Menu-Button-4.uexp" 1471
"C:/Users/kk459/Desktop/Unreal Projects/cpsc-491-kevin-running-doubledash-game/Senior_Project491/Content/Kevin-Running-Double-Dash-Menu-Button-3.uasset" 1472
"C:/Users/kk459/Desktop/Unreal Projects/cpsc-491-kevin-running-doubledash-game/Senior_Project491/Content/Kevin-Running-Double-Dash-Menu-Button-3.uexp" 1473
"C:/Users/kk459/Desktop/Unreal Projects/cpsc-491-kevin-running-doubledash-game/Senior_Project491/Content/Menu_-_Mario_Kart__Double_Dash_Music_Extended.ubulk" 1474
"C:/Users/kk459/Desktop/Unreal Projects/cpsc-491-kevin-running-doubledash-game/Senior_Project491/Content/Menu_-_Mario_Kart__Double_Dash_Music_Extended.uasset" 1475
"C:/Users/kk459/Desktop/Unreal Projects/cpsc-491-kevin-running-doubledash-game/Senior_Project491/Content/Menu_-_Mario_Kart__Double_Dash_Music_Extended.uexp" 1476
"C:/Users/kk459/Desktop/Unreal Projects/cpsc-491-kevin-running-doubledash-game/Senior_Project491/Content/Selection2.uasset" 1477
"C:/Users/kk459/Desktop/Unreal Projects/cpsc-491-kevin-running-doubledash-game/Senior_Project491/Content/Selection2.uexp" 1478
"C:/Users/kk459/Desktop/Unreal Projects/cpsc-491-kevin-running-doubledash-game/Senior_Project491/Content/Menu2.uexp" 1479
"C:/Users/kk459/Desktop/Unreal Projects/cpsc-491-kevin-running-doubledash-game/Senior_Project491/Content/Menu2.umap" 1480
"C:/Users/kk459/Desktop/Unreal Projects/cpsc-491-kevin-running-doubledash-game/Senior_Project491/Content/Banana-Cup-Menu-Icon.uasset" 1481
"C:/Users/kk459/Desktop/Unreal Projects/cpsc-491-kevin-running-doubledash-game/Senior_Project491/Content/Banana-Cup-Menu-Icon.uexp" 1482
"C:/Users/kk459/Desktop/Unreal Projects/cpsc-491-kevin-running-doubledash-game/Senior_Project491/Content/Barrel-Cup-Menu-Icon.uasset" 1483
"C:/Users/kk459/Desktop/Unreal Projects/cpsc-491-kevin-running-doubledash-game/Senior_Project491/Content/Barrel-Cup-Menu-Icon.uexp" 1484
"C:/Users/kk459/Desktop/Unreal Projects/cpsc-491-kevin-running-doubledash-game/Senior_Project491/Content/Images/Starting-Block-Cup-Menu-Icon.uasset" 1485
"C:/Users/kk459/Desktop/Unreal Projects/cpsc-491-kevin-running-doubledash-game/Senior_Project491/Content/Images/Starting-Block-Cup-Menu-Icon.uexp" 1486
"C:/Users/kk459/Desktop/Unreal Projects/cpsc-491-kevin-running-doubledash-game/Senior_Project491/Content/Starting-Block-Cup-Menu-Icon.uasset" 1487
"C:/Users/kk459/Desktop/Unreal Projects/cpsc-491-kevin-running-doubledash-game/Senior_Project491/Content/Starting-Block-Cup-Menu-Icon.uexp" 1488
"C:/Users/kk459/Desktop/Unreal Projects/cpsc-491-kevin-running-doubledash-game/Senior_Project491/Content/SNES_Battle_Course_4_-_Mario_Kart_Wii_Music_Extended__1_.ubulk" 1489
"C:/Users/kk459/Desktop/Unreal Projects/cpsc-491-kevin-running-doubledash-game/Senior_Project491/Content/SNES_Battle_Course_4_-_Mario_Kart_Wii_Music_Extended__1_.uasset" 1490
"C:/Users/kk459/Desktop/Unreal Projects/cpsc-491-kevin-running-doubledash-game/Senior_Project491/Content/SNES_Battle_Course_4_-_Mario_Kart_Wii_Music_Extended__1_.uexp" 1491
"C:/Users/kk459/Desktop/Unreal Projects/cpsc-491-kevin-running-doubledash-game/Senior_Project491/Content/Selection3.uasset" 1492
"C:/Users/kk459/Desktop/Unreal Projects/cpsc-491-kevin-running-doubledash-game/Senior_Project491/Content/Selection3.uexp" 1493
"C:/Users/kk459/Desktop/Unreal Projects/cpsc-491-kevin-running-doubledash-game/Senior_Project491/Content/Menu3.uexp" 1494
"C:/Users/kk459/Desktop/Unreal Projects/cpsc-491-kevin-running-doubledash-game/Senior_Project491/Content/Menu3.umap" 1495
"C:/Users/kk459/Desktop/Unreal Projects/cpsc-491-kevin-running-doubledash-game/Senior_Project491/Content/Images/CPSC-Senior-Capstone-Project-Cover-Page.uasset" 1496
"C:/Users/kk459/Desktop/Unreal Projects/cpsc-491-kevin-running-doubledash-game/Senior_Project491/Content/Images/CPSC-Senior-Capstone-Project-Cover-Page.uexp" 1497
"C:/Users/kk459/Desktop/Unreal Projects/cpsc-491-kevin-running-doubledash-game/Senior_Project491/Content/Images/Kevin-Running-Double-Dash-Menu-Button-5.uasset" 1498
"C:/Users/kk459/Desktop/Unreal Projects/cpsc-491-kevin-running-doubledash-game/Senior_Project491/Content/Images/Kevin-Running-Double-Dash-Menu-Button-5.uexp" 1499
"C:/Users/kk459/Desktop/Unreal Projects/cpsc-491-kevin-running-doubledash-game/Senior_Project491/Content/Sky_Station_Galaxy___Super_Mario_Galaxy_2_Music_Extended.ubulk" 1500
"C:/Users/kk459/Desktop/Unreal Projects/cpsc-491-kevin-running-doubledash-game/Senior_Project491/Content/Sky_Station_Galaxy___Super_Mario_Galaxy_2_Music_Extended.uasset" 1501
"C:/Users/kk459/Desktop/Unreal Projects/cpsc-491-kevin-running-doubledash-game/Senior_Project491/Content/Sky_Station_Galaxy___Super_Mario_Galaxy_2_Music_Extended.uexp" 1502
"C:/Users/kk459/Desktop/Unreal Projects/cpsc-491-kevin-running-doubledash-game/Senior_Project491/Content/MainMenu.uasset" 1503
"C:/Users/kk459/Desktop/Unreal Projects/cpsc-491-kevin-running-doubledash-game/Senior_Project491/Content/MainMenu.uexp" 1504
"C:/Users/kk459/Desktop/Unreal Projects/cpsc-491-kevin-running-doubledash-game/Senior_Project491/Content/TitleScreen.uexp" 1505
"C:/Users/kk459/Desktop/Unreal Projects/cpsc-491-kevin-running-doubledash-game/Senior_Project491/Content/TitleScreen.umap" 1506
"../../../Engine/Content/Maps/Entry_BuiltData.uasset" 1507
"../../../Engine/Content/Maps/Entry_BuiltData.uexp" 1508
"../../../Engine/Content/Maps/Entry.uexp" 1509
"../../../Engine/Content/Maps/Entry.umap" 1510
